id,group,gender,age,marital_status,political_affiliation,highest_education,monthly_income,work_experience,ai_proficiency,ai_use_freq,case_discretion,perf_reward_link,mediator,Y,test
1,1,2,2,2,1,3,2,3,3,2,1,1,4.185691709,4.778996928,5
2,1,2,2,1,4,5,2,3,4,3,5,4,4.128801885,4.356984523,5
3,1,1,1,2,4,3,3,2,1,4,4,3,3.99067889,4.209387323,4
4,1,1,2,1,3,4,4,4,5,2,3,4,4.065124085,4.206762146,4
5,1,1,4,2,4,3,3,4,4,3,1,4,3.793146104,4.078450846,5
6,1,1,2,2,4,5,4,4,1,5,4,2,3.703617588,4.384899824,3
7,1,2,1,1,3,1,5,5,4,3,3,1,3.726733189,4.294350283,4
8,1,1,1,2,1,3,3,3,4,3,5,3,4.221149766,4.372795775,4
9,1,1,1,2,3,3,2,4,4,5,3,1,3.855891752,4.439007971,4
10,1,1,4,2,1,4,4,4,1,2,2,4,3.808321549,4.09996024,5
11,1,1,2,3,4,3,2,3,3,2,4,3,3.605184493,4.447032836,4
12,1,2,3,1,4,3,5,4,4,4,4,2,3.817657745,4.417608671,5
13,1,1,2,2,4,4,3,4,5,2,2,2,4.218262505,4.473451916,4
14,1,2,1,2,1,4,1,2,5,5,1,4,3.987878683,4.106646025,5
15,1,1,3,3,3,2,5,4,2,2,1,1,4.037195456,4.530284172,4
16,1,2,4,2,3,3,2,4,4,1,4,5,4.053258225,4.415730226,5
17,1,1,3,1,1,4,5,4,1,4,4,3,4.303995327,4.255999726,5
18,1,1,2,2,1,4,3,4,5,3,2,2,4.119364377,4.484631056,5
19,1,2,2,2,1,4,3,4,5,4,5,4,3.890736276,3.979894072,5
20,1,2,2,2,1,4,6,4,4,2,3,1,3.447076718,4.060169386,4
21,1,2,3,2,1,5,1,4,4,1,1,2,3.743488142,4.209770767,4
22,1,2,4,1,3,5,5,3,1,4,4,5,3.781977419,4.174401718,3
23,1,2,1,2,4,2,2,4,5,4,3,4,4.075394217,4.095197138,4
24,1,1,1,1,1,4,1,5,1,5,1,5,3.639882499,4.459363533,4
25,1,2,2,2,4,3,3,4,5,5,2,2,3.839747658,4.026845003,3
26,1,2,3,2,3,3,2,4,1,1,1,2,3.893747934,4.308296114,3
27,1,1,3,3,1,4,3,3,5,4,4,2,4.074840876,4.231106545,5
28,1,1,2,2,1,3,2,5,1,4,2,2,3.956407439,4.123530824,3
29,1,2,3,2,1,4,3,4,1,2,4,4,4.041867333,4.293873284,4
30,1,2,3,1,3,2,4,5,3,3,4,4,3.893785815,4.403888568,5
31,1,2,1,2,1,1,2,4,4,5,3,5,4.034321005,4.427397263,5
32,1,2,3,1,2,4,3,5,1,4,4,1,4.225847934,4.425513833,2
33,1,1,1,3,1,3,2,4,4,4,3,2,3.927527401,4.271843195,4
34,1,1,2,3,1,5,2,4,3,3,1,5,4.409589729,4.4556066,5
35,1,1,2,4,1,4,2,4,2,4,5,4,3.840250396,4.360230737,4
36,1,1,1,2,1,2,3,4,4,1,4,4,4.091761746,4.51057209,4
37,1,2,4,2,1,4,3,5,5,2,4,4,3.800561652,4.213826745,5
38,1,1,2,2,1,2,3,1,1,2,3,1,4.049128136,4.51751659,4
39,1,2,2,2,1,4,2,1,4,2,5,5,4.074850815,3.94237602,5
40,1,2,3,1,1,3,6,3,3,4,3,3,3.69372962,4.39704389,3
41,1,2,2,2,3,4,3,4,3,3,1,4,3.652373982,4.473024434,4
42,1,1,2,2,4,2,3,5,2,5,5,3,3.809963699,4.22073522,3
43,1,2,4,2,4,4,2,4,2,3,2,5,4.106865649,4.0321145,4
44,1,1,2,2,4,4,3,3,4,5,2,2,3.855019891,4.657339751,5
45,1,2,2,2,3,5,4,4,1,2,2,2,3.871895824,4.426372128,5
46,1,1,2,2,4,3,2,4,2,5,1,2,3.775576413,4.173289801,4
47,1,1,2,2,4,4,3,4,2,4,2,2,4.161145868,4.311436946,3
48,1,2,4,2,2,4,3,3,4,4,2,3,4.077413444,4.341985541,4
49,1,2,1,2,1,4,1,5,5,1,3,4,4.184070062,4.21166768,4
50,1,2,1,2,1,5,3,4,3,4,3,3,3.821943034,4.400808438,5
51,1,2,2,2,3,4,3,4,2,5,2,2,4.062271202,4.508644298,3
52,1,1,2,1,1,2,2,4,5,4,5,2,4.010642833,4.4375705,5
53,1,2,1,2,1,4,3,4,4,4,1,2,4.120158443,4.305404278,4
54,1,2,2,2,3,1,4,4,3,4,5,5,4.015441681,4.8106591,5
55,1,2,4,3,1,1,3,3,5,3,3,3,4.075228179,4.473477894,2
56,1,1,2,1,2,4,5,5,5,1,5,1,4.188057869,4.375951963,4
57,1,1,2,2,4,2,6,4,5,1,4,3,3.845313596,4.581182534,4
58,1,1,2,1,1,3,3,4,1,5,5,3,3.683470417,4.580217618,4
59,1,2,1,2,3,4,3,4,4,5,4,4,4.286981153,4.447860022,3
60,1,1,2,1,4,4,2,3,1,3,5,1,4.381516071,4.075952033,4
61,1,1,4,2,1,5,4,1,5,5,4,2,4.537572747,4.190198323,4
62,1,1,3,2,4,1,2,4,1,5,4,5,3.985839216,4.357839533,5
63,1,2,2,1,4,5,3,4,5,4,1,2,4.062515146,4.403856121,4
64,1,2,1,2,3,4,3,1,4,3,4,2,3.871615485,4.148392554,4
65,1,1,3,2,2,2,1,3,4,5,4,3,3.604131872,4.481955379,4
66,1,2,4,2,1,2,5,4,2,4,1,4,4.236009525,4.136974254,4
67,1,2,2,2,1,4,3,4,5,1,2,3,4.130881979,4.359247552,4
68,1,1,3,2,1,2,3,4,4,2,2,4,4.169211356,4.42578265,5
69,1,2,1,2,1,2,2,4,4,4,2,1,3.813353614,4.366803139,3
70,1,2,1,4,4,4,4,5,3,5,2,4,4.044205487,4.612416071,5
71,1,2,2,1,1,4,2,4,2,4,2,5,4.212479415,4.238655091,5
72,1,1,1,2,3,5,5,4,5,4,2,5,4.00681962,4.321647481,4
73,1,2,4,2,3,4,3,4,3,4,3,2,4.097373148,4.137258097,4
74,1,1,3,2,1,1,3,4,4,1,1,4,4.127267167,4.448294606,4
75,1,1,3,1,3,4,2,4,5,2,1,4,4.451761498,4.421215762,5
76,1,2,2,2,4,5,3,3,4,5,1,4,3.819022064,4.524130073,4
77,1,1,2,2,1,4,4,4,1,4,3,5,3.993220838,4.394395647,4
78,1,1,2,2,4,4,2,1,4,2,4,3,4.195109648,4.426182658,4
79,1,1,2,2,4,4,2,3,2,3,3,3,3.938891044,4.455035043,5
80,1,1,3,2,1,4,1,4,2,4,1,2,4.427875061,4.37416842,5
81,1,1,3,2,3,2,3,3,5,5,5,3,3.695795174,4.647851356,4
82,1,2,4,1,4,4,2,4,2,3,1,2,3.918308053,4.473144156,5
83,1,1,2,3,1,4,3,4,1,2,2,1,3.95562056,4.273859837,4
84,1,2,3,2,4,4,3,3,2,5,2,1,4.223358407,4.379395474,4
85,1,1,1,2,3,4,4,5,1,1,5,3,4.286910961,4.818223866,4
86,1,1,1,2,1,4,2,3,4,5,2,5,4.169727549,4.650968911,4
87,1,2,1,2,4,3,5,5,2,2,5,4,4.107165258,4.175221333,4
88,1,1,3,2,1,2,2,2,5,5,4,5,3.921683408,4.148629543,4
89,1,1,2,2,1,2,3,4,3,1,1,3,3.969954067,4.340656439,5
90,1,2,4,2,4,4,3,4,4,2,4,5,4.249858402,4.548415782,5
91,1,1,2,1,1,2,3,4,3,4,2,3,4.049567071,4.100264714,4
92,1,1,2,3,1,4,5,3,5,4,2,4,3.826326916,4.460368957,5
93,1,2,2,3,4,3,2,4,5,2,5,5,4.08645197,4.164437029,4
94,1,1,3,2,1,2,2,3,2,1,3,3,3.928257571,4.367996645,4
95,1,1,2,1,4,3,3,4,1,3,3,1,4.233619299,4.424243142,4
96,1,2,2,3,1,3,2,4,5,5,5,4,4.251846999,4.382667163,5
97,1,2,4,2,1,5,3,4,3,3,4,5,4.080185386,4.350744623,4
98,1,1,2,2,4,4,2,4,3,2,2,1,3.93913591,4.222804877,5
99,1,1,2,2,1,4,3,3,2,3,3,4,3.791395744,4.484084335,4
100,1,2,1,2,3,2,3,4,2,2,3,4,4.015832294,4.111968342,3
101,1,1,1,3,4,1,3,3,1,3,4,5,3.926141235,4.585454404,4
102,1,1,2,1,1,4,4,4,1,4,5,2,3.863068301,4.525460018,5
103,1,1,3,2,1,4,3,4,2,4,1,2,3.86496645,4.288725886,4
104,1,2,1,2,1,5,5,4,3,2,1,4,4.222487138,4.502830374,3
105,1,2,4,2,1,2,3,4,5,3,4,5,4.079460764,4.326326018,4
106,1,1,2,2,1,4,3,3,4,4,2,4,3.860910035,4.464075315,4
107,1,1,1,2,3,4,2,4,3,5,1,5,4.015777614,4.401712954,4
108,1,2,2,2,3,3,5,4,3,1,1,4,4.200471289,4.361108774,5
109,1,1,2,1,1,5,4,4,5,3,4,5,4.219745641,3.773400393,4
110,1,2,1,2,1,2,3,1,1,5,5,3,3.859162946,4.44622495,4
111,1,1,2,2,1,4,3,3,2,1,3,1,3.873890358,4.113263824,4
112,1,2,2,2,1,4,2,5,3,3,5,4,3.755777919,4.24190479,5
113,1,2,3,2,3,4,5,4,3,5,4,5,4.157782492,4.637114308,4
114,1,2,2,2,1,4,2,4,2,4,2,1,3.99200044,4.399922847,4
115,1,2,3,1,1,2,3,4,4,1,2,5,4.088471385,4.482540277,5
116,1,1,2,2,1,4,3,4,3,2,4,2,4.121141836,4.252474324,5
117,1,1,3,2,4,4,3,4,5,1,2,3,4.218727796,4.137963508,5
118,1,1,2,2,1,4,4,4,4,3,4,4,4.149545572,4.140312471,4
119,1,1,3,1,4,1,4,4,2,4,4,4,4.010444309,4.50544732,5
120,1,1,2,2,1,5,2,4,5,5,3,2,4.168336452,4.216911095,4
121,1,1,3,2,3,4,2,3,1,1,2,2,4.128332354,4.518092759,4
122,1,1,1,2,3,4,3,5,2,5,4,4,4.163747899,4.332573809,4
123,1,1,2,1,1,2,3,2,3,1,5,4,3.914387236,4.318728767,4
124,1,1,3,2,4,3,3,3,1,5,4,3,4.142643784,4.300610172,4
125,1,1,2,2,3,1,2,5,5,3,4,5,3.992155306,4.549363281,3
126,1,1,3,1,4,4,5,4,1,5,4,4,4.003855775,4.228055457,5
127,1,2,4,4,1,4,3,4,2,2,4,3,4.16923561,4.441190178,5
128,1,1,1,2,1,2,3,4,2,4,5,2,3.828507384,3.949880685,5
129,1,1,1,2,2,4,1,4,5,2,1,5,4.114659424,4.394104934,5
130,1,1,2,2,1,4,3,1,2,5,3,1,3.88203929,4.083627356,3
131,1,1,3,3,1,1,3,2,4,1,4,5,3.67218783,4.354440209,4
132,1,1,3,2,3,3,3,4,3,4,5,2,4.106739209,4.356616326,5
133,1,2,3,2,1,3,3,3,4,1,4,5,3.996569522,4.396245232,4
134,1,1,1,3,4,2,3,4,5,1,2,4,3.819505677,4.448401851,5
135,1,2,1,1,4,5,1,4,5,5,5,4,3.721043827,4.625042551,5
136,1,1,1,1,4,3,2,5,1,1,1,4,4.110255531,4.423282739,5
137,1,1,2,2,1,3,2,4,2,4,3,5,3.952973204,4.592931693,2
138,1,1,3,2,1,4,4,4,5,2,1,2,4.053023995,4.551023081,5
139,1,2,1,2,4,5,4,4,4,2,4,1,4.106688756,4.477764574,5
140,1,2,4,1,4,4,2,2,4,3,3,2,4.301433755,3.943514787,3
141,1,1,3,2,3,2,2,4,3,2,3,4,3.969450403,4.546543149,5
142,1,1,1,1,4,4,4,4,3,4,3,2,3.738057327,4.347401959,4
143,1,1,3,1,1,1,6,1,5,2,5,3,3.826559499,4.242469857,3
144,1,1,1,2,4,2,2,4,3,4,5,1,3.893700241,4.403203026,4
145,1,1,2,1,1,4,3,2,5,2,1,3,4.067848578,4.446996971,5
146,1,1,2,2,1,4,4,4,5,2,5,3,3.619192096,4.540791085,5
147,1,2,3,2,3,3,1,5,2,4,5,4,3.77396359,4.2798384,3
148,1,1,1,2,1,2,3,5,1,3,1,5,3.754410324,4.30949956,4
149,1,1,2,1,1,4,3,5,5,4,4,2,3.837561451,4.499456702,4
150,1,2,3,2,2,5,2,3,4,2,5,1,4.371260957,4.18171227,4
151,1,1,3,2,4,2,3,4,5,1,5,2,3.827130424,4.24728108,3
152,1,1,2,2,1,3,2,5,3,2,3,4,4.070635212,4.509862754,4
153,1,2,2,1,1,3,2,2,1,4,4,3,4.576470254,4.421558261,3
154,1,1,2,2,1,4,3,3,3,1,1,4,4.111707392,4.783007597,4
155,1,2,3,2,1,4,1,4,1,1,2,3,3.92973479,4.324968181,4
156,1,1,2,2,3,3,3,4,2,5,1,4,3.864839179,4.360321796,5
157,1,1,4,3,4,5,2,4,1,5,5,1,3.948433225,4.274267458,5
158,1,1,2,2,3,4,2,5,5,2,4,2,4.186529757,4.46768439,5
159,1,2,1,2,3,4,4,4,4,4,1,1,3.949370847,4.200838132,4
160,1,1,4,1,1,2,2,3,5,3,1,4,3.768849074,4.509047331,5
161,1,2,1,1,1,4,1,4,3,1,5,5,4.045137398,4.602234896,5
162,1,2,2,2,1,5,3,4,2,1,2,2,4.088467278,4.363088192,5
163,1,2,4,1,2,3,3,4,4,4,2,2,4.339813492,4.517673154,4
164,1,1,2,1,3,5,3,4,3,5,4,4,4.189740798,4.644626169,4
165,1,2,1,1,1,1,3,3,1,5,3,1,4.035075892,4.281919293,5
166,1,2,2,1,4,4,3,4,2,3,2,4,3.832086727,4.504249636,4
167,1,1,2,1,1,3,1,4,1,2,5,3,3.895102812,4.195284227,5
168,1,2,2,1,1,3,5,4,2,2,5,5,4.010766543,4.285884658,5
169,1,2,3,2,3,5,3,2,5,1,4,4,4.140808196,4.12152566,4
170,1,1,2,2,1,4,3,4,5,4,4,3,4.107036614,4.387354834,4
171,1,2,4,1,3,3,3,4,3,2,4,3,3.981758364,4.24366593,5
172,1,2,3,1,1,4,3,5,3,4,3,2,4.297549513,4.436017886,4
173,1,1,2,1,1,3,3,3,4,2,3,2,4.107636071,4.484282104,5
174,1,1,1,2,3,4,3,5,4,1,4,3,4.077488105,4.115082667,4
175,1,1,2,2,2,4,3,5,3,4,1,2,3.960951037,4.512541055,2
176,1,1,2,2,4,2,1,1,3,4,2,2,4.221067365,4.264707209,5
177,1,2,3,3,1,4,2,4,2,2,5,4,3.885735249,4.180121089,3
178,1,1,2,2,1,3,1,4,5,5,4,3,4.049317125,4.381558474,4
179,1,2,3,2,1,5,2,5,2,1,1,1,4.049193584,4.665670211,5
180,1,2,3,2,1,2,2,5,3,4,2,4,4.138112965,4.152034706,5
181,1,1,2,1,3,2,2,5,4,2,1,1,3.808686417,4.164504878,3
182,1,1,2,2,1,4,2,3,1,3,2,5,4.355199473,4.379897939,5
183,1,2,3,2,1,4,5,4,1,4,5,5,3.988727035,4.35851256,5
184,1,2,3,1,1,4,1,5,3,5,4,2,4.209391414,4.29583513,4
185,1,1,2,2,1,3,4,5,5,5,2,2,3.794256139,4.364286397,5
186,1,2,2,3,1,5,3,4,4,3,5,5,4.338463496,4.474297796,5
187,1,2,1,2,1,2,3,4,3,2,2,4,3.943602981,4.619808926,5
188,1,2,3,2,3,5,5,4,2,5,4,4,3.952920902,4.714496804,5
189,1,2,2,1,4,3,3,4,5,4,2,2,4.136054368,4.35376723,3
190,1,1,4,1,4,3,2,4,5,5,2,5,4.051499425,4.013500943,4
191,1,2,4,2,4,3,6,3,4,5,1,4,3.892622821,4.199857811,4
192,1,2,2,1,1,3,3,4,5,2,5,1,3.918176963,4.027997567,5
193,1,1,4,2,1,1,2,5,4,5,2,3,4.16553378,4.529940415,5
194,1,1,3,2,1,4,3,4,2,5,2,1,3.793693786,4.748079965,5
195,1,1,1,2,1,2,4,4,4,3,2,2,4.170809852,4.448422515,4
196,1,2,3,2,4,4,2,3,2,5,5,3,4.120952676,4.543349176,4
197,1,2,2,2,4,4,3,4,5,1,5,4,4.321726569,4.315361906,4
198,1,1,2,2,1,3,4,4,5,2,5,3,3.929302185,4.341119261,5
199,1,2,1,3,2,1,1,4,3,5,4,3,4.098835145,4.065220773,5
200,1,1,1,1,1,2,2,5,5,4,4,2,4.065685726,4.399906887,4
201,1,2,2,2,3,2,3,3,3,5,5,4,3.787381567,4.631478766,5
202,1,1,2,2,1,1,3,4,5,5,4,1,3.971851152,4.173309812,5
203,1,2,1,2,4,5,4,4,5,5,1,3,4.158932601,4.295020567,4
204,1,2,2,2,4,1,3,3,3,2,2,2,3.929303682,4.248524298,4
205,1,2,2,2,1,4,3,4,2,2,2,2,3.866738937,4.323473696,4
206,1,2,2,2,3,5,4,4,4,3,4,4,4.009420159,4.082808482,3
207,1,1,2,1,1,3,2,4,2,5,3,1,3.927025591,4.325001855,3
208,1,1,2,2,1,4,1,4,4,4,3,4,3.960720723,4.48437085,4
209,1,1,3,2,1,4,3,4,5,3,2,2,4.20415845,4.328615839,5
210,1,1,2,1,3,5,2,2,5,3,4,5,3.870523348,4.426567561,2
211,1,1,2,2,4,3,3,4,1,2,5,3,3.941536672,4.141400177,4
212,1,1,3,2,4,3,3,5,2,2,5,1,3.815885153,4.499956721,4
213,1,2,2,1,1,3,2,5,1,2,5,2,4.139119376,4.529560362,5
214,1,1,1,2,1,4,3,4,1,2,4,4,4.113844934,4.33863379,4
215,1,2,1,1,1,4,4,4,3,1,3,5,4.102401179,4.20053329,5
216,1,1,2,2,3,3,3,4,1,3,4,5,3.773266172,4.545246087,4
217,1,1,2,2,1,4,3,3,2,4,2,2,4.020642971,4.149291778,5
218,1,1,2,2,1,4,2,2,3,4,1,5,3.749777691,4.069120102,4
219,1,1,1,2,1,3,1,3,1,3,1,2,4.017119711,4.517624632,5
220,1,2,2,2,1,4,4,5,5,4,1,3,3.665443964,4.356869129,4
221,1,2,1,1,4,4,3,2,1,3,5,2,4.111051944,4.597578755,5
222,1,1,3,2,1,4,3,5,4,1,1,4,4.280912781,4.319679444,5
223,1,2,4,2,1,3,2,2,3,5,5,4,4.222077833,4.762407817,3
224,1,1,3,2,1,5,3,4,5,5,2,3,3.991997621,4.206329898,5
225,1,1,3,1,1,4,3,4,1,2,1,3,3.987551079,4.811722493,5
226,1,1,1,3,3,4,2,4,1,3,2,3,3.798183709,4.368991277,5
227,1,1,3,1,1,4,2,4,5,3,3,4,4.027823896,4.445068759,3
228,1,2,2,2,4,5,4,4,1,2,2,2,4.066903992,4.04387127,5
229,1,1,2,1,3,4,2,4,4,1,5,4,3.961200489,4.290730461,5
230,1,1,3,2,1,4,4,3,5,4,3,5,3.810826088,4.171508404,4
231,1,1,3,2,4,2,2,5,3,2,4,5,3.871830783,4.270267981,4
232,1,2,2,2,4,4,5,4,3,5,2,3,4.2498558,4.008663436,4
233,1,1,4,2,4,4,6,4,3,1,1,5,3.839230836,4.2290844,5
234,1,2,1,2,4,4,2,4,3,4,2,2,4.200109119,4.540327551,5
235,1,1,3,1,4,4,4,3,5,4,4,4,3.836018591,3.998250474,4
236,1,1,2,2,4,4,2,2,1,5,1,2,3.910627722,4.36771064,4
237,1,2,4,2,4,2,3,3,2,3,4,1,4.130063303,4.330311628,4
238,1,1,3,2,1,5,3,4,2,5,2,5,4.150598264,4.601028215,5
239,1,1,2,1,1,2,3,4,5,2,2,2,3.72483881,4.223004871,5
240,1,2,3,2,4,4,1,4,3,1,5,4,3.911712474,4.296644891,5
241,1,2,2,2,4,4,3,4,3,4,2,1,4.005763571,4.425395636,5
242,1,2,3,2,4,4,3,3,5,1,2,1,3.784699116,4.439170647,4
243,1,2,4,2,1,4,5,4,3,1,2,5,4.043592905,4.665176578,4
244,1,2,4,1,2,5,6,2,4,5,5,4,3.960975372,4.224506838,5
245,1,2,2,2,1,5,5,4,3,4,5,3,4.280519653,4.341610857,5
246,1,1,1,2,1,4,4,3,1,5,2,4,3.852505811,4.62243287,4
247,1,2,4,2,1,4,2,2,1,2,5,2,3.955016492,4.074808319,5
248,1,1,4,1,1,2,3,2,2,3,5,1,4.21349182,4.598805401,5
249,1,2,1,2,4,4,3,4,3,2,3,2,4.167072654,4.33910623,5
250,1,1,1,2,4,3,3,4,1,1,4,4,4.256500464,4.256498499,3
251,1,1,3,2,2,3,1,3,5,5,4,3,3.800036525,4.382518771,5
252,1,2,2,2,1,2,4,3,4,3,1,5,3.877739294,4.358256161,5
253,1,1,4,1,3,4,2,2,1,1,1,2,3.988581722,4.488415046,4
254,1,1,2,1,1,4,3,2,2,1,5,3,4.053146384,4.613856371,4
255,1,1,2,1,1,4,4,5,3,1,1,5,3.990543149,4.180350212,4
256,1,1,2,2,1,3,3,5,3,3,1,5,4.16137427,4.511546027,5
257,1,2,1,1,1,5,3,3,1,2,3,2,3.840226193,4.290607271,5
258,1,2,2,1,1,4,2,3,2,4,3,4,3.719785384,4.57043313,4
259,1,1,3,2,4,4,1,4,3,4,2,1,4.074278227,4.25024932,4
260,1,1,2,2,1,5,3,4,2,5,1,2,3.860162683,4.747524062,5
261,1,1,2,3,1,2,4,3,5,2,5,3,4.043349284,3.91078616,4
262,1,1,2,2,3,4,3,2,1,4,3,3,4.304086586,4.37551013,2
263,1,2,2,2,4,2,5,4,3,5,2,2,3.944769367,4.650910584,4
264,1,1,1,2,3,4,3,2,5,5,1,5,3.938683254,4.43793795,4
265,1,1,2,1,4,3,4,5,3,2,3,4,4.026257983,4.417108942,5
266,1,2,3,1,3,3,3,4,1,3,4,5,4.375523496,4.256931013,4
267,1,2,1,1,1,3,3,4,4,4,4,4,3.875948097,4.503562146,5
268,1,1,3,2,4,5,4,5,5,5,3,4,3.79275358,4.589241845,3
269,1,1,2,2,4,5,3,4,1,1,2,2,3.942703887,4.718908299,5
270,1,2,4,1,1,4,3,4,5,4,1,2,3.896682709,4.353753983,4
271,1,2,2,2,1,3,4,2,2,1,1,5,3.925376325,4.428418731,5
272,1,2,3,2,1,4,3,4,1,5,1,2,3.769793455,4.998211928,5
273,1,1,1,2,3,2,4,2,1,5,1,4,3.911574571,4.383331873,3
274,1,2,1,2,4,4,3,5,3,3,4,4,3.758542904,4.474451677,5
275,1,1,2,3,2,5,3,4,2,1,3,2,4.114634221,4.382419832,4
276,1,2,4,2,4,3,1,5,5,5,5,3,3.966880443,4.287745874,5
277,1,1,1,1,1,4,5,4,1,5,3,2,3.890608459,4.405865305,4
278,1,1,1,2,1,5,2,5,1,5,2,4,3.814568816,4.46181929,4
279,1,2,1,2,4,3,4,3,4,2,5,4,4.208257833,4.267231251,3
280,1,2,1,2,1,5,3,4,3,1,2,4,3.89157525,4.086483827,4
281,1,2,2,2,1,1,3,4,4,3,5,5,4.112715182,4.286156666,4
282,1,1,3,1,4,5,2,4,3,1,4,1,4.031862386,4.150109423,4
283,1,1,1,3,1,4,3,3,1,5,4,5,3.980843021,4.231397101,4
284,1,2,2,1,3,5,2,4,5,2,2,2,4.091007175,4.614568574,4
285,1,2,3,2,1,4,3,3,5,5,3,2,4.324629654,4.01909265,5
286,1,2,4,3,4,4,3,4,4,2,3,4,3.815328872,4.335555114,5
287,1,2,2,2,1,4,1,2,1,3,3,5,3.90663729,4.546370332,4
288,1,1,4,1,4,3,2,4,3,2,4,5,4.184450098,4.22196491,3
289,1,1,4,1,1,4,4,4,4,4,5,2,4.214068736,4.218881766,5
290,1,2,3,1,4,5,3,3,5,3,4,5,4.257803564,4.330528269,5
291,1,2,1,2,1,4,3,3,1,2,3,5,3.893906531,4.186547368,3
292,1,2,3,2,1,4,1,4,1,1,5,2,4.101511159,4.402821795,5
293,1,2,2,2,4,4,2,4,4,3,3,3,4.365991169,4.456919142,5
294,1,2,1,2,3,4,3,4,4,1,2,3,4.025758136,4.282480593,5
295,1,1,4,2,1,5,4,5,3,4,4,3,3.787092714,4.626784604,4
296,1,1,2,2,4,4,3,4,5,4,2,2,4.185285466,4.470906734,3
297,1,2,1,2,2,4,2,3,3,5,4,2,3.917252859,4.271992236,5
298,1,1,1,2,1,4,3,4,4,1,5,2,4.130515889,4.359888996,4
299,1,1,2,1,4,2,2,4,3,4,2,2,3.71818754,4.581859348,4
300,1,2,3,2,3,4,3,4,3,5,2,1,4.21356074,3.912609147,4
301,1,1,3,2,1,5,3,4,5,3,5,1,4.447040267,4.155983888,5
302,1,1,4,2,1,3,4,4,5,4,1,5,3.836571364,4.216435288,5
303,1,2,2,2,3,4,2,3,3,3,4,2,3.645017091,4.650217288,5
304,1,1,2,1,3,2,3,4,3,5,5,2,3.986429362,3.98428758,4
305,1,1,2,2,4,4,3,2,1,5,4,4,3.920292502,4.333183687,4
306,1,2,3,2,1,4,3,4,2,2,3,2,4.072659234,4.677843108,2
307,1,2,2,4,4,4,3,4,2,1,5,4,3.874261397,4.516665836,5
308,1,2,3,2,4,4,3,5,4,5,4,1,3.830498,4.389403003,4
309,1,1,2,3,1,1,1,3,3,4,2,3,4.265712198,4.22394737,5
310,1,1,1,2,1,2,2,5,2,2,5,4,3.892717709,4.412487802,4
311,1,1,2,2,4,5,3,4,3,5,1,1,4.176725142,4.515364803,4
312,1,2,1,2,1,2,4,4,5,2,2,5,3.860278013,4.599969059,5
313,1,2,2,2,1,3,3,4,4,1,4,4,4.031272991,4.166032872,4
314,1,1,1,2,4,4,2,4,3,4,4,2,4.034182303,4.338797455,5
315,1,2,3,3,4,3,4,4,2,3,3,2,3.927558205,4.408235045,5
316,1,1,2,2,3,4,1,4,1,5,2,3,4.073286476,4.578296901,5
317,1,1,4,2,3,4,3,4,3,4,1,5,3.887989019,4.30140204,5
318,1,1,1,2,4,5,3,3,5,4,1,1,4.048250524,4.185811088,4
319,1,1,2,2,3,2,3,2,2,4,3,5,4.002222466,4.641082166,5
320,1,2,4,1,3,4,4,3,2,5,1,1,4.405808089,4.639912725,4
321,1,1,3,2,1,4,5,4,5,5,2,4,4.149780133,4.127283159,4
322,1,2,3,1,3,4,3,4,2,2,1,2,3.886551524,4.571395947,4
323,1,2,1,1,1,1,3,4,4,1,2,4,3.788055538,4.258719183,3
324,1,2,3,2,1,1,2,4,2,5,2,4,3.876066995,4.476510939,5
325,1,1,3,2,3,4,3,4,5,4,2,4,3.948101866,4.22628845,4
326,1,2,1,2,2,4,2,4,2,2,5,5,3.919396399,4.112032537,4
327,1,2,2,2,1,2,4,3,3,5,5,5,4.041035463,4.447054062,5
328,1,2,2,2,1,5,3,5,2,3,5,4,3.944057908,4.254292313,5
329,1,2,3,1,4,4,3,4,1,4,4,4,3.944255819,4.198312059,4
330,1,1,3,2,1,2,3,4,5,3,5,2,3.632418598,4.19091235,3
331,1,1,3,1,1,3,5,4,3,1,5,1,3.953798448,4.524653735,4
332,1,2,2,1,4,3,2,4,3,2,3,1,4.122588146,4.452776436,5
333,1,1,2,2,1,1,5,4,4,5,5,5,3.865853967,4.388038826,4
334,1,1,3,1,1,4,3,5,4,5,3,4,4.001567029,4.484554033,5
335,1,1,3,2,4,4,3,4,3,3,4,3,3.836143506,4.408978749,4
336,1,2,2,1,2,4,1,4,3,1,1,5,3.921567313,4.391487568,5
337,1,1,2,1,3,4,1,5,1,5,2,5,3.873775517,4.252643144,3
338,1,2,3,2,2,4,2,3,1,1,2,4,4.289222581,4.334220193,4
339,1,2,4,2,2,3,3,3,3,3,5,3,4.084022403,4.075785397,4
340,2,2,3,1,4,3,5,4,4,4,5,4,4.082367928,4.281014392,5
341,2,2,2,2,1,3,4,2,4,5,2,4,4.193594315,4.26677309,5
342,2,2,3,2,1,1,5,3,3,2,4,4,4.142975427,3.991756067,5
343,2,1,2,1,1,4,3,4,3,4,4,1,4.128701311,4.516147742,4
344,2,1,1,2,4,4,3,5,1,2,1,4,3.949207334,4.215520955,3
345,2,1,3,2,3,4,4,4,5,2,2,3,4.571026831,4.453242167,5
346,2,2,3,2,1,3,1,4,3,1,3,1,3.714974916,3.935997771,3
347,2,1,2,2,4,3,3,3,4,1,4,3,4.242492491,4.11538855,4
348,2,1,3,2,1,4,4,5,2,2,2,5,4.025557213,4.451841643,4
349,2,1,4,2,4,4,4,3,4,5,1,2,4.118349167,3.9291291,5
350,2,1,2,2,3,4,3,4,2,4,4,3,4.026074982,4.025743921,3
351,2,2,4,2,1,3,3,4,3,3,3,5,3.79822918,4.641387508,5
352,2,1,4,3,4,3,5,5,3,5,2,3,4.068092799,3.935324742,3
353,2,2,3,2,1,4,1,4,5,4,3,4,3.844750118,4.100656755,4
354,2,2,1,2,4,5,1,4,5,2,4,2,4.3338055,4.074290403,4
355,2,1,3,1,1,4,3,5,3,2,4,1,4.215053563,4.210563057,5
356,2,2,2,1,1,5,1,4,3,2,1,2,4.028447533,4.222336965,5
357,2,1,2,2,4,1,6,4,3,3,1,3,3.955344652,4.344887755,4
358,2,2,2,3,4,2,3,4,3,4,2,3,3.742276498,4.235007638,4
359,2,2,4,2,4,4,3,4,3,2,1,1,3.871517664,4.221791711,4
360,2,1,3,2,1,3,3,5,1,4,4,4,3.886382258,4.377370023,4
361,2,1,2,2,4,4,2,3,4,3,1,4,4.089887175,4.153789621,4
362,2,1,4,2,3,5,1,5,4,5,5,5,4.281816695,4.448779132,4
363,2,1,2,1,4,4,5,4,1,3,5,4,4.181742884,4.285936816,5
364,2,2,3,1,3,4,6,3,2,3,4,2,3.649594018,4.25565518,3
365,2,1,1,4,3,4,1,5,3,1,4,4,4.03448993,4.14270522,5
366,2,1,1,1,4,3,3,4,5,5,2,3,3.73318449,4.409474843,4
367,2,2,2,3,1,4,5,4,1,5,5,1,4.073873775,4.164964562,4
368,2,1,2,2,4,2,3,4,3,1,5,5,3.964956411,3.800757444,4
369,2,1,4,2,1,3,3,3,1,3,3,3,3.830477794,4.359012354,5
370,2,1,4,1,1,2,3,4,3,4,3,2,4.124546377,4.410140039,5
371,2,2,2,2,1,4,3,3,5,2,5,3,3.78721194,4.451871517,5
372,2,2,1,2,3,2,3,2,1,3,2,5,4.163989757,4.298651779,5
373,2,1,2,1,1,3,2,5,5,2,1,1,3.759000131,4.324921334,4
374,2,1,2,2,1,4,2,5,3,1,3,2,4.049189224,4.587835601,4
375,2,1,3,2,3,4,1,4,1,2,2,4,3.735060377,4.437141092,4
376,2,2,1,2,1,3,4,2,2,2,1,1,3.721965088,4.149522058,5
377,2,1,2,3,2,4,2,4,2,4,1,4,3.766937726,4.431808719,4
378,2,2,2,2,4,4,2,4,1,5,4,2,4.135755938,4.197292922,3
379,2,1,2,2,3,5,2,3,5,2,5,4,4.355641849,4.296182798,4
380,2,2,1,1,3,3,4,3,5,1,1,1,3.982014869,3.983468901,4
381,2,1,2,3,1,3,2,3,4,5,5,3,3.812215488,4.200391235,5
382,2,2,4,1,1,4,4,2,3,5,5,1,4.053110462,4.343476071,5
383,2,1,3,1,1,5,3,4,4,1,2,5,3.767855688,4.405825748,4
384,2,1,2,2,4,3,5,4,2,5,4,4,4.039391388,4.371270286,5
385,2,1,3,1,4,1,2,3,2,5,3,1,3.826437136,4.083901033,3
386,2,1,1,2,1,4,5,5,3,5,1,5,3.94365278,3.989860113,5
387,2,1,1,1,2,3,6,4,4,1,2,5,3.939097122,4.056372274,5
388,2,2,2,2,1,4,6,4,5,3,2,4,3.752636729,4.421381117,4
389,2,1,2,2,1,5,4,3,4,2,5,5,3.58613196,4.004917183,4
390,2,1,4,2,1,4,3,4,3,5,4,2,3.98932986,3.817591302,3
391,2,1,2,1,4,2,5,3,5,3,2,2,3.942272046,4.099649124,5
392,2,1,2,1,3,1,1,5,4,2,3,5,3.835650051,4.285752078,4
393,2,1,1,1,4,3,2,1,4,4,5,2,3.841739049,3.997105192,5
394,2,2,3,3,3,4,4,4,5,2,5,1,3.668617572,3.898333102,5
395,2,2,2,2,1,5,3,4,1,1,2,4,3.526820457,4.395701844,4
396,2,2,3,2,1,4,3,5,1,3,5,4,3.987373299,4.136834481,5
397,2,1,3,2,4,2,3,4,4,3,2,2,4.019532815,4.406175555,3
398,2,1,3,2,4,2,4,4,4,5,1,5,3.98348651,4.031696067,5
399,2,2,2,2,3,2,2,3,3,1,5,1,3.656936744,4.301231922,4
400,2,2,2,1,4,2,3,5,3,2,3,3,3.913291362,4.10049752,5
401,2,1,2,2,1,4,3,3,2,1,2,1,3.841240469,3.954768205,4
402,2,1,1,3,1,1,1,3,1,5,5,4,3.947249618,4.171473622,3
403,2,2,2,2,1,4,3,4,4,4,1,1,3.973616583,4.288301362,3
404,2,2,4,2,2,2,2,4,2,4,3,1,4.145068934,4.174399369,5
405,2,1,3,1,3,2,4,4,3,5,1,4,3.965556663,4.116581544,4
406,2,2,3,2,1,2,3,5,5,1,4,5,3.642369459,4.234481751,4
407,2,1,3,2,1,2,2,4,4,5,2,4,3.966316685,4.115883039,4
408,2,2,3,1,3,3,3,5,4,5,5,4,3.701306698,3.959526778,3
409,2,2,3,2,3,2,4,4,4,2,2,5,4.042436449,4.22740741,5
410,2,1,1,1,4,3,5,3,2,5,4,4,4.065438154,4.289337922,2
411,2,1,1,2,4,4,2,4,2,1,5,4,3.871927711,4.346992771,3
412,2,1,2,4,1,4,3,3,1,2,3,5,3.580566964,4.468250339,5
413,2,1,1,1,1,4,5,4,1,4,2,2,3.952939135,4.353086172,5
414,2,1,4,3,1,2,2,2,3,4,1,4,4.020776062,4.048218466,5
415,2,1,2,2,3,4,3,4,3,5,5,3,3.927545112,4.120672132,5
416,2,1,1,2,3,3,4,4,5,2,4,1,3.763999987,3.891985598,4
417,2,1,3,2,1,4,3,4,5,2,1,4,4.184031921,3.97552837,5
418,2,1,2,2,1,3,3,3,2,4,1,3,3.878675208,4.024444613,4
419,2,1,3,1,4,3,3,1,2,5,3,5,4.027574007,4.239365763,4
420,2,1,2,2,4,4,1,4,5,4,2,4,3.723259508,4.443469168,5
421,2,1,1,2,1,4,5,3,5,3,1,2,3.761544441,4.184998884,3
422,2,1,3,2,1,1,6,4,1,3,1,1,3.942250158,3.940615036,5
423,2,1,1,1,1,4,3,2,1,4,3,2,3.862145645,3.878939446,5
424,2,2,2,2,4,4,3,4,2,5,4,2,3.930613133,3.896897457,3
425,2,2,3,1,4,3,3,2,5,2,3,4,3.957313468,3.635588613,4
426,2,2,1,1,4,4,3,4,1,2,4,5,4.525702419,4.362579949,4
427,2,1,2,3,1,4,5,5,3,4,2,1,3.800030325,4.310017135,4
428,2,2,1,1,4,5,2,4,3,5,4,3,3.992688754,3.945340635,4
429,2,2,1,2,4,3,1,5,4,1,3,1,4.023312452,4.366782209,3
430,2,1,1,2,1,3,3,4,4,4,5,3,3.764885467,3.967391271,2
431,2,1,1,2,4,2,4,5,2,4,2,4,3.839122674,4.377024782,3
432,2,1,2,2,1,4,2,4,3,5,5,4,4.056886027,4.033642274,4
433,2,1,2,2,4,3,2,5,3,5,1,3,3.80345566,4.498436772,3
434,2,1,1,2,1,4,3,5,5,5,5,5,3.840917025,4.449388739,5
435,2,2,3,1,4,3,3,3,4,5,5,4,3.802767812,4.03694383,5
436,2,1,4,1,1,5,3,4,4,5,2,3,4.657162075,4.154595165,4
437,2,1,3,2,3,1,2,4,5,5,2,2,3.883631264,4.381571535,4
438,2,1,2,2,4,5,3,5,4,5,2,2,3.670394576,4.063283742,5
439,2,2,1,2,3,2,3,3,1,5,2,3,3.813121055,4.502491541,5
440,2,1,1,2,1,4,4,5,3,2,4,1,3.967386054,4.403859781,5
441,2,1,1,2,3,4,2,3,4,4,5,4,4.178053729,4.263093158,4
442,2,2,4,1,1,5,4,4,5,4,5,5,3.798679988,4.047755204,5
443,2,1,3,2,3,4,3,5,5,1,3,4,3.90735782,4.111591911,5
444,2,1,4,2,1,4,3,3,5,2,4,4,4.123231173,4.188913764,3
445,2,2,3,2,4,4,6,4,2,2,3,2,4.104381827,4.177383006,4
446,2,1,4,2,1,1,3,4,5,5,4,5,3.783343307,4.369435412,3
447,2,1,3,3,1,2,3,4,5,5,1,2,3.950845295,4.124953257,4
448,2,1,1,2,3,3,4,4,3,2,5,4,3.900197085,3.993909952,5
449,2,1,4,1,4,3,2,1,2,4,4,4,4.012041567,4.1699784,5
450,2,1,2,1,1,4,2,4,4,3,3,3,3.992581489,4.120132225,3
451,2,2,2,2,3,3,3,2,3,2,5,2,3.620919151,4.058704317,5
452,2,2,1,1,4,4,3,3,4,5,5,3,3.656161379,4.291261833,4
453,2,2,2,1,1,2,5,4,3,1,1,5,4.089886713,4.114603436,4
454,2,1,2,2,4,5,3,4,4,5,5,4,4.183140665,3.984640982,5
455,2,1,1,2,3,4,3,5,4,1,5,3,3.87516148,4.264715707,4
456,2,2,2,2,4,2,5,4,4,2,5,2,3.942769465,4.262802858,4
457,2,1,1,2,4,3,2,4,5,2,3,2,4.079815243,3.663571015,4
458,2,2,1,3,1,4,4,2,5,2,2,5,4.0240013,4.160836127,5
459,2,1,3,2,1,4,4,5,5,4,5,4,3.883863524,4.010408416,5
460,2,2,1,2,2,3,1,4,2,5,2,5,3.72535958,4.191091216,5
461,2,1,3,2,1,4,3,4,5,1,4,4,3.628322609,4.150825643,4
462,2,2,4,2,3,1,1,4,5,2,5,1,4.036663072,4.315481183,5
463,2,2,4,2,3,3,5,3,3,4,1,2,3.817261879,4.318140285,5
464,2,1,1,2,3,5,3,3,3,1,2,3,4.091055541,3.955775082,4
465,2,1,1,2,1,4,3,5,3,1,2,5,4.00880942,4.420226005,4
466,2,1,3,2,3,2,5,4,4,2,4,4,4.058857937,3.915645299,4
467,2,1,3,2,1,4,6,3,3,5,2,5,3.887520205,4.450295907,5
468,2,1,2,2,1,4,4,3,3,2,3,2,3.72950106,4.165799705,5
469,2,1,3,2,4,3,1,1,2,2,3,3,3.974808638,4.041799312,4
470,2,1,1,2,3,5,1,3,4,3,4,2,4.018650252,4.0903558,5
471,2,1,3,2,1,4,4,4,3,4,2,5,3.880336635,4.504789029,5
472,2,2,1,2,4,3,4,2,1,5,4,5,3.983584697,4.416423287,3
473,2,1,1,2,4,4,3,5,4,5,2,1,4.064005521,4.092443833,4
474,2,1,3,1,1,4,2,4,1,1,4,4,3.757316865,4.069781071,3
475,2,1,2,1,4,4,2,4,3,4,3,3,3.880699646,4.14113492,5
476,2,2,2,2,2,4,6,2,2,1,5,3,3.856648647,3.982196255,4
477,2,2,2,1,1,1,3,2,4,4,5,5,4.08493741,4.527132643,5
478,2,2,3,2,1,1,1,3,1,4,2,1,3.905129699,4.117502182,4
479,2,2,3,2,1,2,3,2,4,4,1,2,3.999333559,4.126097361,5
480,2,1,1,2,4,4,3,4,3,5,1,1,3.917366658,4.116645238,5
481,2,2,4,1,1,4,3,5,1,2,5,5,4.133917541,4.493806051,5
482,2,1,2,2,1,3,3,4,4,3,5,3,3.982449198,4.001721617,5
483,2,2,3,2,1,2,6,4,3,3,4,4,3.98699806,4.015056922,4
484,2,2,3,2,4,4,3,4,3,5,3,3,3.706338807,4.42953871,5
485,2,2,2,2,4,5,3,3,5,4,5,1,4.027271591,4.224891999,5
486,2,2,4,1,1,5,4,4,5,5,3,3,4.076217468,3.879302661,5
487,2,1,2,1,1,4,3,4,5,5,5,4,3.634502559,4.236599764,4
488,2,1,2,3,1,4,4,1,2,2,2,5,4.293393245,4.103152807,5
489,2,1,2,2,1,2,2,5,2,3,3,3,3.662775032,4.240542902,5
490,2,1,1,2,3,5,2,4,4,5,2,4,3.748855521,4.231503811,5
491,2,2,2,2,1,2,5,3,3,4,2,4,4.065356507,4.091264845,3
492,2,1,4,1,1,5,3,4,4,3,2,3,4.185171616,4.289318384,4
493,2,1,2,2,4,5,3,3,1,2,3,3,3.80525376,4.066837146,5
494,2,2,1,1,4,2,1,5,4,1,5,4,3.896716935,4.183207795,4
495,2,1,3,1,2,4,1,4,1,3,3,5,4.197880531,4.318274711,4
496,2,1,3,2,1,5,2,4,4,1,2,4,3.88901081,4.011141684,3
497,2,1,2,2,4,3,1,3,3,5,5,1,4.060253272,4.372992832,5
498,2,2,4,2,2,1,2,2,2,4,5,4,3.998698035,4.268787626,5
499,2,1,3,4,1,3,4,3,2,3,3,4,3.697501065,4.0047071,4
500,2,1,2,2,4,2,2,3,5,2,2,4,3.882776909,4.227271724,4
501,2,2,3,1,4,2,3,4,1,1,5,5,4.411505117,4.423414264,5
502,2,1,4,2,4,4,3,4,5,1,5,3,3.906187255,4.36055986,4
503,2,1,3,2,1,4,3,3,1,3,1,4,4.09723766,4.275383931,5
504,2,1,4,3,4,3,1,3,4,1,3,5,4.173936245,4.388649155,3
505,2,2,1,2,4,4,3,4,5,5,2,3,3.867023721,3.974167137,3
506,2,2,3,1,1,3,4,4,3,5,1,4,4.019945931,4.485245078,5
507,2,2,3,2,1,3,2,3,2,5,4,4,3.855455427,4.156900951,4
508,2,2,2,2,2,4,3,5,2,2,5,3,3.573381329,4.142989877,5
509,2,2,3,2,4,2,4,3,3,2,3,4,4.115802029,4.190372183,5
510,2,1,3,2,1,4,2,4,5,1,1,4,3.841586496,4.339745535,5
511,2,2,1,1,1,2,3,5,5,4,3,1,4.437093082,4.294066265,5
512,2,1,3,1,1,4,3,4,4,2,3,3,3.929072935,4.193923654,4
513,2,2,4,2,1,4,1,4,5,1,5,2,4.015763749,4.210667168,2
514,2,1,2,2,1,3,5,5,5,1,3,4,4.061649942,4.007784263,5
515,2,2,3,2,3,4,3,4,2,3,1,1,4.287333668,3.873128469,4
516,2,1,2,2,1,5,2,3,1,1,5,1,3.850640724,4.349041526,4
517,2,1,1,3,4,5,4,4,4,1,1,1,3.974616546,4.262059307,5
518,2,1,1,1,4,4,1,3,4,1,4,2,3.76625782,4.316270129,4
519,2,1,2,2,4,4,2,3,3,4,5,4,3.94665471,4.119540577,4
520,2,2,1,1,4,4,1,4,3,2,4,2,4.079818037,4.229768449,5
521,2,2,2,2,1,2,5,3,2,2,1,4,4.037678947,4.021693889,5
522,2,1,3,2,1,3,3,2,2,5,1,4,4.03984661,4.262433177,4
523,2,1,2,2,1,4,3,4,5,3,4,5,3.744256731,4.256860422,5
524,2,2,1,1,3,4,4,3,2,2,3,5,4.001128946,4.34579219,5
525,2,1,2,2,3,3,3,4,1,2,4,3,3.853737085,4.444561217,5
526,2,1,2,2,4,2,5,4,3,5,5,3,4.093791858,4.196262878,4
527,2,1,2,2,1,4,4,3,2,1,4,5,3.9305095,4.111069333,5
528,2,1,4,3,1,5,4,4,5,3,4,3,4.178911091,4.286056971,4
529,2,1,2,2,4,5,3,3,5,1,4,5,3.727818434,4.466339287,5
530,2,2,2,1,4,4,2,4,3,1,4,5,4.127612505,4.025879349,4
531,2,1,4,1,1,3,2,1,5,3,5,3,3.742972685,4.142876136,5
532,2,1,2,2,1,4,3,4,4,4,2,5,3.939019293,4.079775885,4
533,2,2,4,2,3,4,3,3,3,1,3,4,3.529420302,3.849983003,4
534,2,2,2,1,3,4,3,4,1,5,1,2,4.172144544,4.204698259,3
535,2,1,1,3,3,4,3,5,4,1,2,3,4.151666828,4.376132123,5
536,2,1,3,2,2,5,3,5,3,1,2,4,3.891101178,4.419923061,5
537,2,2,3,2,1,4,2,4,5,2,3,5,3.809122553,3.794779452,4
538,2,1,1,2,1,4,3,5,1,4,2,1,4.322739,4.270077682,3
539,2,1,2,1,4,3,3,4,5,3,4,5,3.884786676,4.328350579,5
540,2,1,3,1,4,5,3,4,2,4,2,3,4.037450474,4.45234839,3
541,2,2,1,2,4,4,4,3,3,4,2,2,3.848731995,3.892395444,5
542,2,1,1,2,4,1,3,4,2,5,5,3,4.178155878,4.303323835,4
543,2,1,2,2,4,4,3,5,1,3,5,2,4.009929834,4.262608384,5
544,2,1,3,2,1,2,3,3,2,3,4,4,4.000237492,4.285022497,3
545,2,2,3,2,1,4,3,4,5,1,1,2,4.004394385,4.018315745,3
546,2,1,2,2,1,2,3,3,5,1,5,5,4.045988075,4.292622906,5
547,2,2,2,2,4,3,3,2,1,5,1,5,4.057960299,4.28060348,4
548,2,1,3,2,1,3,4,4,3,4,1,3,3.864533728,4.343815082,3
549,2,1,3,2,4,3,3,4,3,3,2,3,3.583831547,4.041335522,4
550,2,1,1,2,1,5,4,4,5,1,2,1,4.053101028,4.228024256,5
551,2,2,2,2,1,5,3,3,3,2,4,3,3.989621379,4.636343413,4
552,2,2,1,2,1,5,3,4,3,2,4,4,3.817166673,4.542057905,4
553,2,1,3,2,4,1,5,3,4,3,4,1,3.990804849,4.048671437,5
554,2,2,1,2,1,2,2,3,5,3,2,2,3.952836603,4.034196774,5
555,2,2,3,2,1,4,2,4,5,2,2,3,3.775074204,4.134313735,4
556,2,1,1,3,1,5,4,4,2,4,1,5,3.53426201,4.006780035,5
557,2,2,3,2,3,2,3,4,2,5,3,2,4.005697468,4.185785272,4
558,2,1,3,1,4,4,2,4,3,1,4,5,4.029322297,4.186772706,5
559,2,2,4,1,1,2,5,4,3,4,4,4,4.051709698,4.231579835,4
560,2,1,3,1,3,4,4,4,2,3,4,4,3.709726666,4.041777549,5
561,2,1,2,2,1,2,4,4,4,3,2,4,3.699425591,3.674479017,4
562,2,1,2,2,2,4,3,4,3,4,4,2,3.874978921,4.192771208,3
563,2,2,2,2,4,2,2,4,2,5,3,5,4.260019625,4.084257652,4
564,2,1,3,2,4,5,3,4,3,2,4,5,4.108847422,4.329516847,4
565,2,1,3,2,1,4,5,4,3,2,3,3,3.701707671,3.886506976,5
566,2,1,2,1,4,4,4,3,3,5,1,5,3.798268002,4.116289322,4
567,2,1,1,2,3,3,3,4,3,2,4,2,4.144824241,4.104235206,5
568,2,2,3,2,1,3,2,4,1,2,3,4,4.039453719,4.263799941,5
569,2,1,2,1,4,4,2,4,2,2,3,2,3.571726653,4.157031614,5
570,2,2,1,2,4,4,3,2,5,3,3,4,3.97369656,4.327659169,4
571,2,2,4,1,1,4,5,4,5,3,2,3,3.632023506,4.029378029,3
572,2,1,2,2,1,5,4,5,3,5,5,1,4.005167706,4.278816033,4
573,2,2,3,2,4,5,2,4,3,2,4,1,4.071693508,4.399431497,4
574,2,2,3,1,2,3,1,3,5,4,3,2,4.0472992,4.096008863,3
575,2,1,2,2,4,1,3,4,1,5,5,4,3.924522077,3.948869578,4
576,2,1,3,2,2,2,4,4,3,3,4,2,3.904488304,4.206740282,4
577,2,2,1,3,1,4,1,4,5,3,1,1,3.953542936,4.058128164,4
578,2,1,2,3,2,4,4,5,3,5,1,3,4.100128524,4.365818461,4
579,2,2,3,2,4,3,4,3,4,4,3,5,4.218114192,4.322930032,5
580,2,2,1,1,3,4,3,4,4,5,4,1,3.663650204,4.193921254,5
581,2,2,1,1,1,2,2,4,3,2,3,1,4.107576996,4.26498372,5
582,2,1,2,2,1,4,3,4,3,5,2,3,3.959948598,4.325191592,5
583,2,1,3,2,4,4,4,5,1,4,4,2,3.693803501,4.096195872,5
584,2,1,2,2,1,5,5,4,3,1,2,3,3.749354449,3.855565413,5
585,2,1,1,2,3,4,3,5,4,2,3,3,4.05672679,4.28888737,5
586,2,2,2,2,1,4,3,5,5,5,4,3,4.032404173,3.914002658,3
587,2,2,2,2,1,5,3,4,1,2,1,4,4.327567111,4.313592649,5
588,2,2,3,2,1,4,2,4,2,1,1,5,4.117250209,4.304104442,4
589,2,1,4,1,2,4,2,2,5,4,2,5,3.946344372,4.123050949,3
590,2,2,2,2,1,5,3,4,4,2,1,1,3.822652221,4.135148098,4
591,2,2,1,1,1,4,1,4,2,3,3,1,4.055798283,3.969191494,4
592,2,1,1,2,1,3,4,4,4,1,5,1,3.880981573,4.085728943,5
593,2,1,4,2,2,4,2,4,4,1,2,4,4.061394194,3.983824641,4
594,2,2,1,4,4,2,3,2,4,5,2,1,4.164166673,4.210814177,5
595,2,2,2,2,1,4,3,5,5,4,1,1,4.111676803,3.903123309,5
596,2,2,3,1,1,4,1,4,5,4,2,1,4.062950693,4.577493767,5
597,2,2,2,3,4,5,3,4,1,2,1,2,3.712207259,4.179377626,4
598,2,1,3,2,4,2,3,4,2,5,2,5,4.060175457,4.26544858,4
599,2,2,2,2,4,3,4,3,1,3,2,3,4.127964499,4.035043996,5
600,2,1,2,2,1,4,3,5,3,1,3,4,3.95212094,4.1765104,4
601,2,2,4,2,3,3,3,4,4,2,2,4,3.889518703,4.403290504,4
602,2,2,4,2,3,5,2,3,3,3,1,3,3.684897385,4.280713841,4
603,2,1,3,2,1,5,1,4,2,3,3,5,3.86306592,4.571456298,4
604,2,2,2,2,1,5,1,4,3,5,3,1,3.892327695,4.346352358,5
605,2,1,2,2,3,5,3,2,3,2,5,2,4.269419358,4.333521119,3
606,2,1,2,1,4,4,3,3,2,5,3,3,3.619952346,4.271609904,4
607,2,2,1,2,4,4,3,4,5,1,1,1,3.99005328,4.30918647,5
608,2,2,3,2,1,3,5,4,4,2,2,5,3.903585897,4.074426096,5
609,2,1,2,2,1,4,3,4,2,3,2,2,3.892354858,4.137204305,3
610,2,2,4,2,3,5,3,4,3,5,1,3,3.890177273,4.255246457,5
611,2,1,2,2,4,4,3,5,2,1,2,1,3.982208069,4.179390998,3
612,2,1,3,2,4,4,5,3,3,3,2,3,3.71793818,4.257054531,5
613,2,1,3,2,3,5,2,4,1,3,5,3,3.968893108,4.218161772,4
614,2,2,3,1,1,2,5,3,2,3,4,2,3.666192928,4.03358991,4
615,2,2,1,2,1,4,1,5,5,2,3,2,3.904501715,4.163192315,3
616,2,2,3,2,1,5,3,5,3,2,2,4,3.844341739,4.032745508,3
617,2,2,3,1,4,5,2,3,1,5,2,2,3.707227522,4.169255286,4
618,2,1,2,2,1,3,3,4,3,2,2,2,3.879807346,4.097650901,5
619,2,1,3,2,4,5,3,4,1,1,5,4,3.988263934,4.517055593,4
620,2,1,3,2,1,4,3,5,1,1,3,1,3.793999094,4.451594547,5
621,2,1,2,3,4,2,4,4,5,1,4,3,4.242115838,4.112670927,5
622,2,1,4,2,3,3,1,4,1,4,4,3,4.070586437,4.034867376,4
623,2,1,3,2,4,2,3,3,3,4,5,2,3.97493832,4.247334489,4
624,2,2,1,2,1,4,3,3,1,5,1,2,4.18932982,4.282050842,3
625,2,1,2,2,4,2,4,3,1,5,1,3,4.119117546,4.625186153,5
626,2,1,2,2,1,5,3,3,3,5,5,4,4.161459994,4.274068018,4
627,2,2,2,3,1,5,3,3,2,3,4,4,4.227023224,4.11457135,5
628,2,2,2,2,4,3,2,4,3,4,2,5,3.948282048,4.332107003,5
629,2,1,3,1,1,4,4,4,5,5,3,5,3.734214298,4.357857263,5
630,2,1,3,2,2,4,3,4,5,1,5,3,3.942090827,4.468713666,5
631,2,2,3,1,1,3,4,5,5,3,2,4,3.835346704,4.316812042,4
632,2,1,3,2,4,2,4,4,5,3,4,5,3.788344336,3.991741234,4
633,2,1,2,2,2,3,5,4,5,1,4,5,3.973095031,4.06586036,4
634,2,1,4,2,1,3,2,3,5,3,5,4,3.887193633,4.274132545,3
635,2,2,2,2,2,3,3,4,5,5,1,3,4.203903214,4.108407756,3
636,2,2,3,1,1,2,2,4,3,3,3,3,3.941183295,3.951027523,4
637,2,1,3,2,4,2,1,4,1,4,1,1,4.077378212,4.497807669,4
638,2,1,2,2,1,5,3,5,4,5,1,5,3.902247352,4.191298473,5
639,2,2,2,2,3,5,2,4,3,1,3,4,3.88676476,3.690585337,5
640,2,1,3,2,1,2,3,4,3,5,4,4,3.687898196,4.114301774,2
641,2,1,1,2,3,1,1,4,2,3,3,5,4.024249507,3.87973883,4
642,2,1,2,2,2,5,3,4,3,5,5,5,4.030783543,4.107071128,4
643,2,1,3,2,2,3,1,5,3,1,4,4,3.893500427,4.172297863,5
644,2,2,4,2,1,2,3,3,3,5,1,4,3.667572241,4.104184865,4
645,2,2,4,2,4,2,3,3,5,5,3,4,3.502469251,3.964958665,5
646,2,1,1,2,4,4,2,4,2,3,3,5,3.768229526,4.369030045,4
647,2,2,2,2,4,2,3,4,4,3,5,2,3.981965664,4.279891907,4
648,2,1,3,1,3,2,2,4,3,2,4,3,4.323593852,4.106589082,5
649,2,1,3,1,4,2,4,4,3,3,3,4,3.704075348,4.05760891,3
650,2,1,2,2,1,3,2,4,5,3,5,3,3.981524732,4.185626627,5
651,2,1,2,2,3,4,3,2,3,4,3,3,4.146034926,4.203666709,5
652,2,1,1,2,1,4,2,4,4,1,2,3,3.905775401,3.878815647,5
653,2,1,2,2,2,2,2,4,3,2,1,4,3.919433964,4.070516267,5
654,2,2,2,2,4,3,4,3,2,4,3,5,3.992439992,3.951777317,5
655,2,2,2,2,1,5,3,3,3,3,5,5,4.096285055,3.960052085,4
656,2,2,2,3,1,4,3,5,3,2,1,4,3.932761873,4.209014787,4
657,2,2,3,2,3,2,1,3,4,1,1,5,3.725584027,4.31172352,5
658,2,1,2,2,4,4,2,4,4,3,1,4,4.224070034,4.195954008,5
659,2,2,1,2,4,3,3,4,2,3,1,1,3.989677127,4.267897013,5
660,2,2,2,2,1,3,3,3,3,4,2,2,3.825008487,3.779059169,4
661,2,2,1,2,3,5,3,4,5,2,1,2,3.972241369,4.275231167,4
662,2,1,4,2,4,1,3,5,3,5,5,1,3.837621397,4.209546246,4
663,2,1,3,2,3,2,1,2,5,5,3,1,3.880635999,4.521475997,4
664,2,2,3,2,1,4,2,4,5,4,4,2,4.154114919,4.152331689,5
665,2,1,3,2,4,4,2,4,5,4,2,3,3.827398562,4.309096055,2
666,2,2,1,2,1,4,1,4,4,2,2,1,3.750785227,4.101053032,5
667,2,1,3,1,1,4,5,2,4,5,3,4,3.874010566,4.09801507,5
668,2,1,1,1,2,2,4,1,4,1,4,2,4.001407826,3.966222547,5
669,2,1,3,2,3,4,3,4,5,1,5,1,3.772939241,4.084776875,4
670,2,2,3,2,1,2,2,3,3,4,3,5,3.806161185,4.190641092,4
671,2,2,3,2,3,4,2,5,5,2,4,3,4.062018109,3.896379506,5
672,2,1,1,1,4,4,3,4,5,2,1,2,3.930998562,4.245611742,5
673,2,2,2,2,1,4,1,4,3,1,4,5,4.055112451,4.62426686,5
674,2,1,3,2,3,1,3,3,3,4,5,4,3.948774,4.155619996,3
675,2,1,3,1,1,3,3,4,4,3,2,5,3.774425012,4.220815794,5
676,2,1,2,3,4,3,4,2,4,3,1,3,3.675670919,4.162088875,3
677,2,1,1,2,1,3,2,4,1,4,1,4,3.731809694,4.112558367,3
678,2,1,2,2,4,2,2,4,2,5,1,5,4.023246171,4.389318271,5
679,2,1,1,2,4,4,4,4,3,5,4,4,3.842287879,3.927368641,4
680,2,1,3,2,4,2,3,3,1,5,4,3,3.982198977,4.079062062,2
681,3,2,2,2,3,4,4,4,1,2,1,4,3.629082891,3.915933882,5
682,3,1,2,1,4,3,3,1,4,4,1,1,3.839548214,3.69522887,5
683,3,1,3,1,3,3,5,4,3,1,5,4,4.153422284,3.910573034,5
684,3,2,3,2,4,1,3,3,4,3,5,4,3.720651048,3.992398152,5
685,3,2,2,2,3,5,4,3,4,2,5,4,4.131097143,3.815760866,4
686,3,1,2,2,1,2,5,4,3,2,4,5,3.99125171,3.689614979,4
687,3,1,2,2,1,3,1,4,4,2,1,2,3.873662139,3.94430802,5
688,3,1,2,2,1,3,4,4,3,1,1,3,3.503025875,3.78224542,4
689,3,1,1,2,1,4,3,2,5,2,1,5,3.971221476,3.862410755,5
690,3,1,3,2,1,3,3,4,2,5,1,2,3.818272943,3.880104608,5
691,3,1,1,2,3,3,3,3,2,5,2,4,3.734415373,3.850750253,4
692,3,2,2,2,4,3,2,2,2,4,4,4,3.438382622,3.95913225,5
693,3,1,2,2,4,4,3,2,1,4,3,1,3.600386643,3.799823151,4
694,3,1,3,4,4,5,3,4,4,1,4,2,4.036000162,4.146420186,5
695,3,1,4,1,3,4,3,5,1,5,1,1,3.801853767,3.819071888,5
696,3,2,3,2,4,3,1,4,3,4,1,2,3.719256903,3.999494822,5
697,3,1,2,1,4,4,4,4,5,1,1,4,3.709687014,3.883964437,4
698,3,1,1,2,1,4,1,4,1,5,1,2,3.845226587,4.116159578,5
699,3,2,2,2,3,2,3,4,5,4,5,3,3.607146289,3.940040585,2
700,3,2,1,1,1,3,2,3,5,1,2,4,3.705767482,4.130038564,4
701,3,1,4,2,4,5,4,3,3,1,3,3,4.328658822,3.853691927,4
702,3,1,4,3,1,4,3,2,3,3,2,3,3.585968977,3.982437718,4
703,3,1,3,2,4,1,4,4,3,2,4,2,3.995083118,4.026832657,4
704,3,1,2,1,4,2,4,4,1,2,4,4,3.491986242,3.986923547,4
705,3,1,3,4,1,4,1,4,1,4,2,2,3.664200523,4.181386485,5
706,3,2,2,4,4,4,3,5,2,2,2,5,3.945956472,4.188999686,5
707,3,2,4,4,3,4,6,3,3,4,1,3,3.692859919,3.731970481,4
708,3,1,3,2,4,4,5,1,3,3,2,2,3.649019534,3.85419337,4
709,3,2,1,2,1,3,2,4,4,1,1,3,3.534084527,3.810736298,4
710,3,2,3,2,1,2,2,4,4,4,1,5,3.656305563,3.651120692,5
711,3,1,1,2,4,2,3,5,5,4,4,1,3.499167396,3.959150753,5
712,3,1,3,1,1,4,3,4,3,1,1,3,3.499941243,3.715606921,5
713,3,1,2,1,3,5,3,4,3,5,4,2,3.629484699,3.925425681,5
714,3,1,2,2,4,1,3,4,4,1,1,1,3.500774078,3.84387192,5
715,3,1,3,1,4,2,3,4,1,3,4,2,3.617144757,4.150968818,4
716,3,1,3,2,1,5,1,4,5,4,4,5,3.909400358,4.121792853,5
717,3,2,4,2,1,1,3,1,4,5,4,2,3.65505538,4.087658465,3
718,3,1,2,1,4,1,3,3,1,1,1,1,3.736077969,3.807313746,4
719,3,1,2,2,1,1,3,4,3,3,2,4,3.792739836,4.074630977,2
720,3,1,3,1,1,2,5,4,1,2,4,3,3.916738481,3.73469832,5
721,3,2,3,2,1,2,1,2,2,2,1,4,3.635357413,4.143174754,4
722,3,1,1,2,1,4,2,4,4,5,5,1,3.799815339,4.080079318,4
723,3,2,3,2,4,2,3,4,3,2,4,1,3.604971198,3.898702589,4
724,3,2,3,3,3,4,3,4,1,2,2,2,3.578614214,4.162606038,4
725,3,1,1,1,4,2,3,4,3,1,2,4,3.784603058,4.024922969,3
726,3,1,2,2,3,2,6,4,3,2,5,3,3.773543169,3.949746248,5
727,3,2,3,2,4,4,3,4,1,3,5,4,3.954657867,4.016033814,4
728,3,1,2,1,4,4,5,3,1,1,2,4,3.887662298,3.84247388,5
729,3,1,2,2,1,4,3,3,3,2,2,4,4.20219782,3.954236546,5
730,3,2,2,1,1,3,5,4,2,3,3,1,3.934555966,3.918569012,4
731,3,1,2,3,1,2,3,4,1,1,3,1,3.816385494,3.942879559,4
732,3,2,3,1,1,5,3,4,4,5,4,2,4.140914193,3.936767032,3
733,3,1,2,2,4,3,3,5,2,2,3,3,4.002855569,3.877915333,5
734,3,2,2,2,4,3,1,4,1,3,4,1,3.823554498,3.852082837,3
735,3,1,2,2,1,4,3,3,1,4,3,2,3.840437828,3.828816584,5
736,3,1,3,2,1,2,3,2,2,2,5,1,3.7258069,3.698591169,5
737,3,1,1,1,1,2,5,2,2,5,3,3,3.593514177,3.738725788,4
738,3,1,1,2,3,2,3,4,2,1,4,2,3.558020864,4.179859251,4
739,3,1,2,1,3,2,2,5,5,3,5,1,3.629846679,3.951026007,4
740,3,1,4,2,4,4,3,2,5,1,5,2,3.708026248,4.163793344,4
741,3,2,2,3,1,2,3,4,4,2,4,2,3.80121699,3.828582807,5
742,3,1,1,1,4,4,2,3,5,5,4,4,3.539409413,3.681393851,4
743,3,2,2,2,1,4,4,4,5,2,5,4,3.674755334,3.989495962,5
744,3,1,2,2,1,3,3,2,1,1,3,3,3.881437587,3.724156144,5
745,3,2,4,2,1,4,3,4,3,3,3,4,3.500168094,3.821606224,4
746,3,1,1,1,1,2,4,3,1,3,4,5,3.763309508,3.990868051,4
747,3,2,2,2,4,4,2,4,3,4,1,2,3.64498848,3.593049637,4
748,3,1,4,1,1,3,3,5,3,5,3,4,3.554076693,3.998450173,4
749,3,1,2,2,4,4,3,5,5,3,4,4,3.7267731,3.581758316,5
750,3,1,2,2,3,4,3,4,4,4,2,4,3.541310133,3.993300734,5
751,3,1,1,2,3,3,1,4,5,2,5,4,3.950893277,4.310422966,5
752,3,1,4,2,3,4,5,4,4,5,4,4,3.502284032,4.165921669,5
753,3,2,1,2,4,1,3,2,1,4,2,5,3.792127324,4.054454338,4
754,3,1,3,2,4,4,3,2,4,2,1,5,3.737574744,4.021598748,2
755,3,2,4,1,4,4,5,4,3,3,5,4,3.773901401,3.820140188,5
756,3,1,2,2,1,3,3,5,1,5,1,3,3.911974099,4.104412378,4
757,3,2,2,2,1,5,2,4,4,3,2,4,3.653428195,3.97426806,5
758,3,1,1,2,1,5,2,4,3,1,5,3,3.888576995,3.956575464,4
759,3,2,1,2,3,4,1,4,2,2,5,4,4.029179397,4.124482316,5
760,3,1,2,2,1,4,3,4,2,5,2,3,3.548957901,4.043740156,5
761,3,2,2,1,4,3,3,4,4,5,3,3,3.954925488,3.901815285,5
762,3,2,2,1,1,4,2,4,1,2,4,3,3.524790491,3.942218196,5
763,3,2,3,2,4,3,6,4,4,3,3,3,3.719479771,3.803712208,4
764,3,2,4,2,1,1,3,4,2,2,1,5,3.990886653,3.874144773,5
765,3,1,2,2,4,3,3,3,4,5,4,5,3.909225799,3.840584092,3
766,3,2,3,2,4,3,3,5,5,5,5,4,3.960261654,4.04244995,5
767,3,2,2,2,1,4,3,4,2,4,1,1,3.723116832,4.289809656,5
768,3,1,1,2,1,4,4,3,1,4,5,4,3.595122857,3.993943759,5
769,3,1,2,1,4,4,2,3,3,2,5,5,4.049203281,3.738599806,4
770,3,1,3,2,1,5,3,4,1,1,4,2,3.81107788,3.924922005,5
771,3,1,3,2,1,4,3,3,2,3,1,5,3.713705737,3.603244989,5
772,3,2,2,1,1,4,3,4,4,2,5,3,3.908946082,3.763620354,4
773,3,2,1,2,1,5,4,3,1,4,3,2,3.734443421,3.820891714,4
774,3,1,1,2,1,4,3,4,5,2,1,4,3.796179411,4.098147634,3
775,3,2,3,2,4,4,3,4,4,1,4,4,3.884091407,3.79288756,3
776,3,2,2,2,1,5,3,4,4,2,1,2,3.794488556,3.992797063,4
777,3,1,2,2,4,2,3,5,5,3,1,1,3.861665691,4.171409353,5
778,3,1,2,1,1,3,4,3,2,3,5,3,3.802757617,3.751307944,2
779,3,2,3,2,1,1,3,4,4,1,4,4,3.586105306,4.170341218,4
780,3,1,2,3,1,5,3,3,2,3,5,4,4.117769166,3.954627038,5
781,3,1,2,2,1,4,2,4,2,4,4,4,4.038508715,3.958015571,4
782,3,1,1,1,4,4,2,4,3,2,2,1,3.951559688,3.926804163,4
783,3,1,2,4,2,5,4,3,3,3,1,1,3.502761843,3.850167484,4
784,3,1,3,1,4,1,3,4,2,5,1,1,3.963637584,3.963085156,5
785,3,2,2,2,4,3,3,5,3,5,1,2,3.704820654,3.91033109,5
786,3,2,1,2,4,4,2,3,2,2,2,3,3.899708105,3.80084858,4
787,3,1,2,2,4,3,1,4,3,4,1,4,3.352480949,4.057159062,5
788,3,1,3,2,2,4,6,4,2,4,3,2,3.798512645,3.983017279,4
789,3,2,2,2,1,5,2,3,3,4,1,4,3.909477687,4.126819266,3
790,3,2,2,2,1,5,1,3,3,4,2,2,3.970472753,3.866487162,5
791,3,1,2,2,4,3,3,4,1,1,4,2,3.666709483,3.798717319,5
792,3,2,1,2,3,3,3,4,3,1,2,3,3.741833517,3.817476814,4
793,3,2,2,2,1,4,3,4,5,4,3,3,3.777048739,3.698894932,4
794,3,2,2,3,3,3,4,4,2,3,3,1,3.685549605,4.084731364,5
795,3,2,4,2,1,3,1,4,4,1,4,3,4.133412677,3.767629536,4
796,3,2,4,3,1,4,3,3,4,2,1,2,3.419667345,4.208697119,4
797,3,1,3,3,1,4,3,4,3,1,2,3,3.730421636,4.187563839,5
798,3,2,2,2,3,3,3,5,2,5,2,4,3.772850261,4.378643419,5
799,3,1,2,1,1,2,1,4,2,4,1,1,3.921596824,3.814388383,4
800,3,1,4,1,4,4,3,4,2,2,2,4,3.72112407,3.671730375,4
801,3,1,2,1,1,4,3,4,1,5,4,5,4.086673582,3.845938726,4
802,3,2,3,1,4,4,4,5,4,2,4,4,3.758286493,3.823847265,5
803,3,2,2,2,4,5,2,3,3,2,4,5,4.067171874,4.270648088,5
804,3,1,1,2,1,3,2,3,3,5,2,3,4.05105737,3.768957882,4
805,3,1,1,1,4,2,2,4,2,2,2,4,4.111605048,3.963088196,5
806,3,1,2,2,3,5,5,3,1,4,5,4,3.760001885,4.085339724,4
807,3,2,1,2,4,3,3,3,1,5,4,3,3.704122049,4.198362274,3
808,3,2,3,2,4,4,3,5,4,1,4,1,3.694180177,4.0436457,4
809,3,2,3,2,1,3,2,4,3,3,2,1,4.048868879,4.204467525,4
810,3,1,2,2,4,4,3,4,4,2,2,4,3.868730538,3.844193575,5
811,3,2,1,2,1,2,3,2,1,2,4,2,4.01783669,3.493016722,3
812,3,1,2,2,3,4,4,4,5,3,1,1,3.847822473,4.164638354,5
813,3,2,2,2,3,2,6,4,4,5,2,2,3.879306587,3.989063783,4
814,3,2,1,2,1,3,3,4,3,3,2,5,3.784077494,3.879406157,5
815,3,1,1,1,1,4,3,2,5,4,5,1,3.934483632,3.383409772,4
816,3,1,2,2,1,4,3,5,4,3,2,5,3.901880516,3.942102443,5
817,3,1,2,2,1,4,3,4,5,1,4,4,3.938256539,4.086195315,4
818,3,1,2,2,1,4,5,5,4,4,1,1,4.102702965,4.084538971,5
819,3,2,4,2,1,2,5,2,3,1,1,3,3.877840319,3.770435417,5
820,3,1,2,1,1,4,5,3,3,5,4,2,3.329529656,4.1037038,4
821,3,1,3,1,3,3,3,3,3,2,1,3,3.881872729,3.815938531,4
822,3,2,1,2,1,5,5,4,5,2,2,4,3.683294263,3.853834414,5
823,3,1,3,1,1,4,2,4,5,3,4,1,3.789585305,4.058223773,4
824,3,1,2,2,4,5,4,4,3,4,4,2,3.902699336,3.858933223,4
825,3,1,2,1,1,4,3,4,3,1,5,4,3.545623092,3.689675679,5
826,3,1,2,2,1,2,2,4,1,5,1,4,3.701236102,3.911521308,5
827,3,1,1,2,3,5,3,4,4,3,5,1,3.836289953,4.17465955,4
828,3,2,2,1,1,2,2,5,1,1,5,2,3.791676356,3.806609912,5
829,3,2,2,2,4,3,3,4,2,4,2,4,3.865483445,4.091695262,4
830,3,1,2,2,4,4,4,2,4,4,4,1,3.828711595,3.797763588,5
831,3,1,3,2,1,5,2,4,4,1,5,3,3.849173486,3.590965615,5
832,3,1,2,2,1,4,3,4,2,2,3,5,3.516356411,3.893663083,5
833,3,2,2,2,1,2,2,4,2,3,2,4,3.687591237,3.98881004,5
834,3,2,4,1,3,4,1,4,2,3,1,4,3.797783805,4.129731472,5
835,3,1,3,2,4,2,3,4,4,4,1,4,4.31225665,4.094633028,4
836,3,2,1,1,1,5,3,4,4,2,4,4,3.889382931,4.060046124,5
837,3,1,3,2,4,3,1,2,2,5,2,1,3.658628495,3.804716101,4
838,3,1,3,2,4,5,3,3,4,2,3,2,3.785446173,4.160766061,5
839,3,2,2,4,1,1,3,5,5,1,3,2,3.914051591,3.928611203,4
840,3,2,1,1,1,4,3,4,3,2,1,2,3.772622901,3.901156227,4
841,3,1,2,4,1,5,1,4,5,5,1,3,3.785082404,3.906181043,4
842,3,1,2,2,4,4,5,4,4,3,1,2,4.012297529,3.900685311,3
843,3,2,2,3,1,4,3,1,5,5,4,3,3.818324434,4.022315375,5
844,3,2,3,2,1,3,3,4,4,4,3,3,3.548941848,3.891927234,4
845,3,2,3,2,4,5,5,1,3,5,5,5,3.919102463,4.130092585,3
846,3,1,1,1,1,5,3,5,2,3,3,2,3.627583218,3.745593753,4
847,3,1,2,1,1,3,3,4,1,5,2,4,3.596534526,3.645328114,5
848,3,1,2,2,1,2,3,1,4,2,4,2,3.76359301,3.766128075,5
849,3,2,1,1,1,4,2,4,4,1,5,1,3.702569084,4.069886251,5
850,3,2,2,1,4,4,5,2,5,4,3,1,3.796398306,3.919117403,5
851,3,1,3,1,4,3,4,4,2,4,3,4,3.728294223,3.791702986,5
852,3,2,2,2,4,2,4,4,4,2,5,1,3.99382716,4.000066116,5
853,3,1,1,2,1,1,3,5,2,3,3,3,3.874580841,4.061090648,4
854,3,1,2,2,1,3,2,2,4,1,4,3,4.096262783,3.989730436,3
855,3,1,3,2,3,3,2,4,3,5,4,1,3.752888343,3.990458022,4
856,3,2,1,1,4,3,3,4,2,1,2,3,3.781681471,3.975344528,5
857,3,1,2,2,1,3,1,4,2,2,1,4,3.802452337,3.943590008,4
858,3,1,1,2,4,4,3,4,5,4,5,4,3.655277447,4.093093279,5
859,3,2,2,2,1,4,5,3,1,2,4,5,3.723025982,3.873518864,4
860,3,2,4,2,4,4,3,4,2,2,4,5,3.65894412,4.060329335,5
861,3,1,1,2,4,2,3,4,3,5,2,1,3.589716621,3.658886433,4
862,3,2,1,3,4,4,3,5,4,2,3,2,3.82252687,4.076975147,5
863,3,2,3,1,1,4,3,4,1,4,5,2,3.629021347,3.635215601,5
864,3,1,2,2,1,5,1,5,2,1,1,4,3.398552161,3.816484817,5
865,3,2,1,1,4,4,3,5,2,1,3,3,3.572950024,3.791845186,5
866,3,2,1,1,1,4,2,4,5,5,5,3,3.976637501,4.024230284,3
867,3,2,1,2,4,4,1,4,2,5,2,5,3.810582411,3.890324784,5
868,3,1,2,2,1,4,3,5,5,3,5,5,4.030977083,4.110134112,5
869,3,1,1,2,1,3,3,3,5,5,3,5,3.594914595,3.996574065,4
870,3,1,1,4,1,4,2,5,2,1,5,5,3.836547728,3.90781323,4
871,3,1,1,2,1,4,4,4,3,5,3,5,3.812198182,3.682637844,5
872,3,2,3,1,1,5,3,3,4,4,2,4,3.988707201,3.939874527,3
873,3,1,3,4,1,3,3,1,3,4,4,2,3.818895103,3.86988599,4
874,3,2,2,2,4,4,2,5,1,5,2,3,3.955864276,3.925450749,5
875,3,1,1,2,4,2,1,4,1,3,2,2,3.68324081,3.627169641,4
876,3,2,3,2,4,4,2,4,5,3,3,4,3.634919136,4.145947514,5
877,3,2,2,2,3,4,3,4,3,4,3,3,3.909460262,3.440302842,3
878,3,1,2,2,1,5,3,4,5,5,3,5,3.63523282,3.739463798,4
879,3,2,4,3,4,3,2,4,5,4,3,2,3.616852796,4.014239771,4
880,3,2,1,2,1,4,2,3,5,1,5,2,3.770261479,4.069455665,5
881,3,2,3,2,1,3,3,4,4,2,4,3,3.682856239,3.793177621,4
882,3,1,2,2,1,3,5,4,3,4,5,2,3.804665325,4.135760802,5
883,3,2,2,1,1,4,3,4,5,3,3,1,3.5658608,3.663298376,4
884,3,1,3,2,4,3,4,4,2,2,2,5,3.542631431,3.833371448,5
885,3,1,1,2,4,4,3,3,3,4,4,1,3.609274622,4.175252987,5
886,3,1,2,1,4,4,3,4,1,4,1,2,3.548853948,4.079166278,4
887,3,2,1,2,1,4,3,3,2,5,5,4,3.640579203,4.060306883,4
888,3,2,1,2,3,4,3,4,2,4,4,3,3.661271587,3.971710231,3
889,3,1,3,2,1,4,4,4,2,1,3,4,3.703212242,3.924318722,4
890,3,1,2,2,1,2,2,4,3,5,2,2,3.93274816,4.083691591,5
891,3,1,2,2,1,4,5,4,1,3,1,4,3.759057148,3.604369518,5
892,3,2,2,2,1,4,3,4,2,1,5,3,3.613687752,4.161684398,4
893,3,1,1,1,3,5,3,3,1,4,4,4,3.766402854,3.918154827,5
894,3,2,2,3,1,1,2,5,4,1,1,5,3.852693753,3.952748804,5
895,3,2,3,2,4,5,3,3,5,2,3,1,3.380790691,3.805061027,5
896,3,2,2,1,1,3,3,4,3,2,1,1,3.420695952,3.93003027,4
897,3,2,4,1,1,3,3,4,4,3,4,3,3.819314389,3.789172276,5
898,3,1,1,2,1,3,5,4,3,4,2,1,3.671771296,3.936831464,3
899,3,2,1,2,1,4,5,4,4,4,3,5,4.054158432,3.638732128,5
900,3,1,3,1,4,5,2,2,2,5,5,2,3.518765498,4.112314645,5
901,3,1,1,2,4,3,4,4,4,4,1,3,3.680203907,4.111423574,3
902,3,1,3,3,1,5,3,3,3,3,5,2,3.575313652,3.662770218,5
903,3,2,2,2,1,5,3,3,2,1,5,4,3.711627986,3.60343386,3
904,3,2,1,2,3,4,1,5,3,1,2,2,4.130843165,3.505285687,4
905,3,1,3,2,4,4,3,4,4,1,5,1,3.624349202,3.823869896,4
906,3,1,2,1,4,3,3,2,2,2,4,2,3.602794844,3.539190825,5
907,3,1,3,2,1,5,1,4,2,4,2,4,3.87322241,3.880258228,4
908,3,1,1,2,4,3,1,5,1,4,2,4,4.050905622,3.687378676,5
909,3,1,1,1,3,3,3,4,5,4,4,2,3.988925588,4.19842287,5
910,3,2,2,2,3,5,5,4,4,2,4,5,3.868555595,4.10809944,4
911,3,1,3,2,1,4,3,4,1,4,2,1,3.468734129,3.689647465,4
912,3,2,1,1,1,4,2,4,5,2,2,5,3.880607141,4.319215894,5
913,3,2,1,2,1,4,2,2,2,5,3,4,4.31728726,3.608851496,4
914,3,2,1,3,4,4,6,4,4,3,4,4,3.597443456,3.61805973,4
915,3,2,1,2,1,4,5,5,1,1,3,4,3.369592925,3.699294206,4
916,3,2,2,2,4,3,2,4,3,3,2,2,4.157504663,3.89173766,3
917,3,2,2,1,1,1,2,4,5,4,2,5,3.609830098,4.237481338,5
918,3,2,3,2,4,4,3,4,3,1,3,3,3.792852387,3.926112749,5
919,3,2,2,2,1,1,3,2,3,3,1,1,3.817605648,4.092785824,3
920,3,1,1,2,4,5,3,2,2,5,2,2,4.321559119,3.949323605,4
921,3,1,1,1,1,3,2,4,5,2,2,4,3.717633183,3.821106204,5
922,3,1,3,3,4,3,4,3,3,2,5,4,4.141407283,3.95076468,4
923,3,2,3,2,1,4,2,4,3,1,2,4,3.901929632,3.733332213,4
924,3,2,3,2,1,4,3,4,3,1,5,5,3.818545422,3.880533284,5
925,3,1,1,2,1,4,3,3,3,4,2,3,3.565529277,4.214325327,4
926,3,2,1,3,3,4,5,4,3,2,4,3,3.496258076,3.900320524,4
927,3,2,3,2,1,4,2,5,3,3,3,5,3.748905848,4.025580596,4
928,3,2,2,3,3,4,5,4,3,5,1,4,3.787066396,3.937239941,5
929,3,1,3,2,1,4,3,3,3,5,5,5,3.74812981,3.983188762,5
930,3,2,2,2,1,4,3,4,2,5,3,4,3.902807529,4.189006126,3
931,3,1,2,1,3,4,3,4,4,5,5,1,3.490000041,3.702190887,4
932,3,2,1,2,4,3,1,4,1,2,5,1,4.053672793,4.112930328,5
933,3,2,2,2,1,1,2,4,5,4,4,2,3.463243139,3.608908728,5
934,3,1,2,2,1,5,1,4,3,4,4,1,3.839607555,3.769683109,5
935,3,2,3,2,4,5,2,4,3,2,3,5,3.766463182,3.860523299,5
936,3,2,4,1,4,2,4,3,5,3,4,4,3.776367996,3.646876094,4
937,3,2,3,2,3,3,2,1,2,2,5,2,3.913365925,3.819351282,3
938,3,2,2,2,3,1,4,4,2,3,2,2,3.773174565,4.086034643,4
939,3,1,4,1,1,4,3,4,5,1,2,2,3.754784188,4.000226342,4
940,3,1,2,2,4,2,5,4,1,2,5,3,3.765336142,3.881922221,4
941,3,1,3,2,1,3,3,5,4,1,4,3,3.669544775,4.045714489,3
942,3,1,4,2,1,4,5,5,2,2,2,5,3.747236189,4.031884662,4
943,3,1,4,2,4,4,3,4,1,5,4,5,3.512275588,3.892192112,5
944,3,2,4,3,4,4,4,4,3,1,2,2,3.760719591,3.959096871,5
945,3,2,3,2,1,3,4,4,5,2,5,5,3.521273004,3.79985123,5
946,3,1,1,2,1,4,3,4,2,4,3,1,3.61233766,3.797015343,5
947,3,2,1,2,3,4,3,5,3,2,5,1,3.848813443,3.566971442,4
948,3,1,3,1,1,5,2,3,4,5,3,3,3.85156052,3.645248493,5
949,3,1,3,2,1,4,1,4,3,5,4,1,3.860387675,4.046416932,5
950,3,1,4,1,1,4,5,2,2,2,1,1,3.631964814,3.808245407,5
951,3,1,3,2,4,4,3,5,5,1,4,3,3.508786285,3.659006936,4
952,3,1,3,2,1,4,1,4,1,2,4,5,3.771690283,4.194631076,5
953,3,2,4,1,4,4,1,5,5,4,2,2,3.651136322,4.059686795,4
954,3,1,2,2,1,4,3,4,5,5,2,1,3.832877978,4.252965838,5
955,3,2,2,3,1,4,2,3,4,4,3,5,3.685822075,3.913721149,5
956,3,1,1,1,1,3,3,4,1,4,2,4,3.6227426,3.88241202,5
957,3,1,2,2,1,4,4,4,4,1,4,3,3.701830801,3.879504293,4
958,3,1,3,2,3,3,3,4,5,5,2,4,3.487457229,3.819666377,4
959,3,1,1,2,1,2,3,4,3,5,4,1,3.245385133,3.97309186,4
960,3,1,4,2,4,4,4,4,2,2,3,2,3.69749156,3.938332783,5
961,3,2,1,2,1,3,2,4,2,4,3,3,3.656303837,4.146155827,5
962,3,2,1,1,4,2,1,4,1,5,3,4,4.09446063,3.935807101,5
963,3,2,1,2,1,3,2,3,3,3,4,4,3.96502112,4.110398126,5
964,3,1,3,2,4,3,2,1,5,5,2,2,3.546878854,4.318092543,3
965,3,1,2,2,2,3,2,2,1,3,5,5,3.886274831,3.960124742,4
966,3,2,1,2,1,4,3,3,4,1,5,4,3.888700335,4.069363223,4
967,3,1,3,2,1,5,5,5,1,5,2,4,3.953457324,4.191344638,5
968,3,2,3,2,1,5,3,4,3,1,2,5,3.691173197,3.966924101,5
969,3,2,2,2,1,4,1,5,5,4,1,1,3.662100216,3.769037353,5
970,3,1,3,2,4,3,3,4,5,2,5,4,3.418686023,3.937982305,4
971,3,2,2,2,1,3,1,4,5,3,3,3,3.496385115,4.014449644,3
972,3,1,3,2,1,3,3,4,3,3,1,3,3.800485653,4.087196608,3
973,3,1,1,2,1,4,2,2,1,5,5,3,3.406634289,3.749398968,5
974,3,1,3,2,3,4,3,4,1,5,5,2,3.968406429,3.571210954,4
975,3,1,3,1,1,4,5,4,3,2,5,3,3.560943122,3.873927896,4
976,3,1,3,2,4,4,2,4,3,2,3,4,3.683852692,3.758901008,5
977,3,2,1,2,4,2,3,4,4,1,2,2,3.685703582,3.697217061,5
978,3,1,2,2,4,3,3,3,1,3,2,1,3.719715633,4.002715692,5
979,3,1,3,2,4,4,4,1,3,1,4,1,3.528103035,3.988231256,4
980,3,2,3,2,4,2,3,4,2,1,2,5,3.91054668,3.858830309,5
981,3,1,2,2,1,4,4,4,3,4,4,4,3.82731979,3.808915814,5
982,3,2,1,2,3,4,5,5,2,1,2,3,3.722463671,3.968223322,4
983,3,2,4,2,3,5,3,2,3,5,1,2,3.918112403,3.872091662,4
984,3,2,1,2,4,4,2,5,5,5,3,4,3.596722675,4.216991391,4
985,3,2,3,2,1,3,1,2,4,4,4,3,3.580616067,3.897315686,5
986,3,1,1,2,4,5,1,4,5,4,4,3,3.560117616,3.852355434,5
987,3,1,3,1,1,5,3,5,4,5,4,4,3.737068066,3.973531284,5
988,3,2,1,1,1,4,5,3,3,2,4,5,3.900255768,3.927115312,4
989,3,1,2,2,3,4,2,4,5,4,2,2,3.935426888,4.101433864,5
990,3,2,3,2,1,4,2,4,2,3,5,3,3.772947876,3.829271339,4
991,3,2,3,2,1,3,4,4,4,2,2,4,3.781828181,4.147908383,4
992,3,2,3,1,1,1,2,4,3,3,2,5,3.882240457,3.919711949,4
993,3,2,2,2,4,4,2,4,4,3,1,2,3.62896282,4.040942157,5
994,3,2,2,1,4,4,3,4,1,5,2,1,3.743659701,3.858928069,4
995,3,2,1,3,3,3,5,4,5,5,3,5,3.773294164,4.073248204,5
996,3,1,1,2,1,5,4,5,4,1,5,1,3.948476283,3.829895215,5
997,3,2,2,2,1,3,2,3,3,4,5,3,3.717414578,4.111971933,4
998,3,2,3,2,3,4,3,1,4,4,3,2,3.541565166,4.345426164,5
999,3,1,3,2,1,2,1,4,1,3,3,5,3.787076574,4.035139684,5
1000,3,1,2,3,1,3,1,4,3,4,3,4,3.70128661,4.178968846,4
1001,3,1,3,2,3,1,2,2,2,3,4,2,3.71913129,3.920387328,5
1002,3,1,4,2,1,5,4,4,2,5,4,4,4.028953537,3.921651894,5
1003,3,1,2,2,1,5,2,3,5,3,2,5,3.492111268,3.98307838,4
1004,3,1,2,1,4,4,3,4,4,4,1,5,3.992952871,3.510938302,2
1005,3,1,1,2,3,2,2,2,3,3,2,3,4.045654424,3.830457409,5
1006,3,1,3,1,1,2,2,3,5,5,3,5,3.693710448,3.842576908,2
1007,3,1,3,2,1,3,1,4,4,4,5,5,3.521159869,3.887271729,3
1008,3,2,3,2,3,3,3,4,3,2,4,1,3.86985785,3.868474996,5
1009,3,2,2,1,1,3,2,1,5,2,4,1,3.808102425,3.855958714,5
1010,3,2,3,2,1,3,4,4,3,3,5,5,3.552300089,3.909787081,5
1011,3,1,4,2,1,4,4,1,5,4,4,4,3.928105309,4.015835067,4
1012,3,1,3,2,4,2,3,4,3,5,3,3,4.018272468,3.837880261,5
1013,3,1,4,2,4,4,3,3,1,1,1,4,3.651493493,3.895812428,5
1014,3,2,3,1,4,1,1,4,3,5,4,5,3.907520254,3.731910136,4
1015,3,1,3,3,4,4,2,3,2,2,1,4,3.623282584,4.236471895,4
1016,3,2,1,2,3,2,3,4,5,5,4,1,3.419030438,3.872130798,4
1017,3,2,3,1,4,4,4,4,2,1,2,5,3.754950012,4.038751705,5
1018,3,1,3,1,1,4,3,4,4,5,1,1,3.920897645,3.784689662,5
1019,3,2,2,2,3,5,3,4,1,5,5,2,4.096325748,3.817099976,5
1020,3,1,4,2,3,3,2,4,5,4,5,3,3.821248859,4.076812956,5
1021,3,1,2,1,1,5,4,5,2,5,1,1,3.687359765,4.206268973,4
1022,3,2,2,2,4,4,3,3,2,2,5,1,3.915784687,3.699578943,5
1023,3,2,3,2,1,5,3,3,3,2,4,1,3.981060333,3.833486868,4
1024,3,2,2,2,1,4,5,4,5,2,1,1,3.719992302,3.887934291,5
1025,4,1,2,2,1,4,3,5,3,4,3,3,3.83681559,3.837336956,5
1026,4,1,3,1,3,4,3,4,3,5,4,3,3.917183857,3.801433998,5
1027,4,1,2,2,1,4,2,4,4,2,5,3,3.696412759,3.881904895,5
1028,4,2,3,2,4,4,5,4,2,5,5,5,3.584479341,3.534628265,5
1029,4,2,1,2,1,4,5,4,3,2,5,1,3.652546416,4.095012302,5
1030,4,2,4,1,2,4,4,3,2,1,2,4,3.58966892,3.94174348,4
1031,4,2,2,1,1,4,3,2,2,2,1,4,3.932294182,3.864741874,5
1032,4,1,2,2,3,4,3,3,2,5,3,5,3.494087132,3.79468256,4
1033,4,1,4,2,4,4,3,3,5,4,3,2,3.769044606,3.803053581,5
1034,4,2,2,2,1,2,3,3,3,3,1,1,3.803491307,3.954248996,4
1035,4,2,1,2,4,5,6,4,4,4,1,3,3.76923862,3.916925458,4
1036,4,1,1,2,4,4,2,4,1,4,3,2,3.710160005,4.131189236,3
1037,4,1,2,3,3,4,2,4,5,3,3,3,3.786187039,3.945177298,4
1038,4,2,4,1,4,4,3,3,1,4,3,1,3.82922714,3.654649138,5
1039,4,2,2,1,1,4,3,4,2,2,2,4,3.837706901,3.825050649,4
1040,4,2,1,2,1,2,5,4,3,5,3,1,3.64462818,3.750079,5
1041,4,2,2,2,3,3,4,4,4,2,4,2,3.538770846,3.625314882,5
1042,4,1,2,4,1,5,3,4,1,5,2,1,3.47028806,3.79918987,4
1043,4,1,2,3,4,4,3,4,2,3,5,2,3.763181559,3.516843363,5
1044,4,2,4,2,3,1,3,4,3,1,5,4,3.619905043,3.865861229,4
1045,4,1,2,2,1,5,3,3,3,5,4,5,3.19785627,3.791069217,4
1046,4,1,4,3,4,4,3,5,5,5,1,4,3.588659184,4.009710657,4
1047,4,2,2,2,1,3,4,2,4,4,1,4,3.526424058,3.611267858,4
1048,4,1,1,2,4,3,2,4,3,3,4,4,3.689780725,3.885571533,4
1049,4,1,1,2,4,3,3,5,5,5,3,2,3.580048168,3.983227713,4
1050,4,1,2,2,3,2,2,1,4,1,5,3,3.718825557,3.84623097,4
1051,4,1,3,1,1,4,3,3,2,4,5,2,3.849296698,4.013158412,4
1052,4,1,1,2,3,4,4,4,5,4,5,1,3.730366299,3.780495748,4
1053,4,1,4,2,1,3,3,4,3,1,5,1,3.792114438,3.991915259,4
1054,4,1,4,2,1,2,3,4,3,2,1,1,3.561610228,3.847664227,3
1055,4,1,3,1,1,2,2,4,4,5,3,1,3.666288539,3.468561093,4
1056,4,1,2,2,3,4,1,3,3,1,4,1,3.636104007,3.654923451,4
1057,4,2,2,2,3,3,1,4,2,2,4,2,3.496762493,3.679992272,5
1058,4,1,3,2,1,4,2,3,1,2,5,3,4.084736918,3.796563179,5
1059,4,1,2,1,4,4,1,4,1,2,2,2,4.054040074,3.88986767,5
1060,4,1,3,2,1,4,2,3,2,5,2,2,3.937712999,3.832633848,4
1061,4,2,3,2,1,3,4,2,1,4,3,4,3.573469459,3.851784091,3
1062,4,1,1,1,3,3,1,4,3,4,5,3,3.737971292,3.856262689,5
1063,4,1,2,2,4,2,2,5,4,4,4,2,3.955363119,3.996167302,2
1064,4,2,1,3,1,4,3,4,3,4,4,3,3.932465357,3.851801377,5
1065,4,2,2,1,1,3,2,5,5,5,4,1,3.870245643,3.99523555,4
1066,4,1,2,1,1,3,5,2,4,5,2,3,3.968586853,3.620654913,4
1067,4,2,2,2,1,3,1,2,3,4,2,4,3.908412271,3.762990288,5
1068,4,2,1,2,1,2,3,3,3,4,2,5,3.756253632,3.717963834,5
1069,4,2,4,3,1,3,3,2,3,3,5,5,3.935302226,3.806230977,4
1070,4,2,2,2,4,4,5,5,3,5,2,3,3.612267659,3.406183754,5
1071,4,2,2,2,1,5,2,3,2,1,5,5,3.373353946,3.72905832,5
1072,4,2,1,2,1,4,1,4,3,3,4,4,3.619660057,3.876207157,5
1073,4,2,4,2,1,4,1,3,3,5,5,2,3.808145828,3.877118381,4
1074,4,1,4,1,4,4,3,4,5,2,4,2,3.533641499,3.805432046,5
1075,4,2,2,2,1,2,5,4,2,5,5,2,3.638273655,3.709701998,2
1076,4,2,1,2,1,3,2,5,5,5,2,2,3.675985157,4.151878456,5
1077,4,2,3,1,1,5,3,5,3,4,1,3,3.546882534,3.844300824,4
1078,4,1,2,1,3,4,3,3,5,4,3,2,3.580104873,3.966380211,4
1079,4,2,3,2,3,3,2,3,5,2,4,3,3.762150211,3.801282373,4
1080,4,1,2,2,1,4,4,4,3,4,2,2,3.708725007,3.554516058,4
1081,4,2,2,2,3,2,3,4,3,1,2,5,3.82138608,3.951759269,3
1082,4,1,1,2,1,2,3,4,2,1,5,5,3.938500203,3.616335513,4
1083,4,2,2,3,1,2,3,4,2,1,3,3,3.626158893,3.932211672,5
1084,4,1,4,2,4,3,2,4,2,4,5,2,3.737491167,3.675201033,3
1085,4,1,1,2,4,5,3,4,4,1,3,4,3.562249365,4.279937897,4
1086,4,1,1,1,1,3,3,4,2,5,2,5,3.815679322,3.768808825,3
1087,4,1,1,1,4,4,1,4,1,1,5,2,3.640689716,3.898353869,4
1088,4,1,3,3,4,4,3,4,1,4,4,2,3.899089811,4.059566762,4
1089,4,1,2,2,4,5,3,5,2,5,5,2,3.804910446,3.649587836,2
1090,4,2,4,3,1,3,4,4,3,4,2,4,3.959155379,3.652730663,4
1091,4,2,2,1,1,4,3,4,4,4,2,3,3.092848796,3.675335766,4
1092,4,1,3,1,1,2,4,4,3,3,5,1,3.554174793,3.683553916,3
1093,4,2,3,1,4,3,2,3,2,1,4,2,3.457956415,3.591241289,5
1094,4,1,3,1,4,3,3,1,2,5,5,5,3.788269077,3.641686189,4
1095,4,2,2,2,3,3,2,4,4,2,1,2,3.381163301,3.964891185,4
1096,4,1,1,1,3,2,1,5,1,1,5,1,3.426373844,3.739397855,4
1097,4,2,1,2,4,2,2,3,5,2,1,1,3.535557235,3.597952546,4
1098,4,1,2,2,4,4,2,4,5,3,4,1,3.799979005,3.456786156,4
1099,4,1,2,2,4,3,3,3,3,2,5,4,3.572437283,3.478152708,5
1100,4,1,3,2,3,3,4,1,4,1,1,2,3.534146285,3.833781478,5
1101,4,1,2,4,1,1,3,4,2,4,5,4,3.395493206,3.97414918,5
1102,4,1,2,1,1,4,3,3,3,4,2,2,3.78256284,3.451259592,4
1103,4,1,1,2,4,5,5,4,2,1,3,4,3.661676579,3.837117055,5
1104,4,1,2,2,1,4,3,3,4,4,3,2,3.758837353,3.861451923,3
1105,4,1,3,2,4,5,5,4,4,5,3,1,3.613392436,3.954114809,5
1106,4,1,3,2,4,1,3,5,3,1,3,4,3.760208551,3.635235913,2
1107,4,2,2,2,3,4,3,4,3,5,4,5,3.890504448,3.876080047,4
1108,4,1,4,2,4,4,3,4,3,1,5,4,3.642701585,3.699882241,5
1109,4,1,4,1,1,2,2,5,4,1,3,4,3.494134466,3.754298997,4
1110,4,2,3,2,3,5,2,4,3,1,4,4,3.853284289,4.036431837,5
1111,4,1,2,2,3,4,4,2,1,4,2,4,3.808778924,3.531889888,5
1112,4,2,1,2,2,5,2,4,3,1,2,1,3.500436996,3.789406182,5
1113,4,1,1,2,1,4,1,1,4,5,3,2,3.545465751,4.029646332,4
1114,4,2,3,3,4,2,3,4,5,4,2,4,3.399069671,4.125978228,3
1115,4,1,3,2,4,4,3,3,5,5,4,5,3.649717704,3.801115584,3
1116,4,2,3,2,1,5,6,5,1,5,2,5,3.910541599,3.864362637,5
1117,4,1,1,1,4,4,3,4,4,1,2,2,3.583014066,3.452332377,5
1118,4,2,3,2,1,4,3,4,2,4,1,2,3.499616783,3.489889144,5
1119,4,2,3,2,1,4,4,2,2,5,5,1,3.590888273,4.08162487,5
1120,4,2,3,2,1,5,2,5,2,2,4,5,3.732506578,3.733577918,5
1121,4,2,3,2,1,5,4,3,5,3,4,5,3.889836639,4.06324761,4
1122,4,2,1,1,3,4,3,4,3,2,2,3,3.592207021,3.547919315,4
1123,4,1,1,2,1,3,5,2,4,4,2,5,3.571207836,3.792370447,5
1124,4,2,2,2,1,5,3,5,1,2,1,2,3.668400673,3.747560984,2
1125,4,2,4,2,4,4,3,4,2,4,3,4,3.882621017,3.670362661,4
1126,4,1,2,4,1,3,5,4,2,3,4,3,3.68569091,3.922461932,5
1127,4,1,2,2,1,2,3,4,3,1,4,1,3.777156233,3.433367255,5
1128,4,2,1,1,4,5,5,3,4,3,2,1,3.605220541,3.762144539,2
1129,4,2,3,2,1,4,3,3,2,3,2,2,3.522843295,3.842963504,5
1130,4,2,2,2,1,3,1,3,2,5,3,4,3.523206046,3.867206396,5
1131,4,2,2,2,2,4,3,2,5,2,5,1,4.05575985,4.181504121,3
1132,4,2,3,2,1,3,2,4,1,2,4,5,3.998860857,3.685779205,4
1133,4,1,1,3,4,4,3,1,1,5,2,3,3.779130559,3.584776412,4
1134,4,1,3,3,4,2,1,4,3,5,2,1,3.801518415,4.124843538,5
1135,4,2,3,2,4,4,4,4,5,5,3,4,3.613266748,3.625222589,4
1136,4,2,4,2,1,2,3,4,3,2,3,5,3.369038005,3.93122758,5
1137,4,2,3,4,1,4,5,4,2,1,5,3,3.59573175,3.875188062,5
1138,4,1,2,1,4,5,3,3,3,1,3,4,3.618991194,3.691484399,5
1139,4,1,3,3,1,4,3,4,1,4,1,3,3.788730679,3.959283604,5
1140,4,2,1,2,1,3,3,5,2,1,5,2,3.61442542,3.88062307,5
1141,4,2,3,1,1,4,1,4,2,2,5,4,3.65793424,3.544046554,3
1142,4,1,2,2,1,5,3,4,5,1,3,3,3.624407365,3.819632815,5
1143,4,2,4,2,1,1,3,5,2,1,3,1,3.803465883,3.850289864,3
1144,4,2,4,2,1,3,3,3,4,3,1,1,3.862467799,3.55037503,5
1145,4,2,3,2,4,5,3,5,3,4,2,3,3.601307146,3.914692908,5
1146,4,1,4,2,1,4,2,5,4,2,4,5,3.579994436,3.546248233,5
1147,4,2,1,2,3,4,3,2,2,5,5,5,3.865998163,3.631708234,5
1148,4,1,3,2,4,4,3,2,3,3,1,2,3.655051022,3.75935346,4
1149,4,1,1,1,2,1,1,2,2,5,4,2,3.935080369,3.98724903,5
1150,4,1,3,1,1,4,5,4,4,5,3,3,4.139224096,4.080900186,5
1151,4,1,3,2,1,2,3,4,4,3,3,4,3.276948362,3.884571763,5
1152,4,1,2,4,4,4,2,4,5,5,2,3,3.962581927,4.124512131,5
1153,4,2,2,2,3,5,3,3,4,1,5,2,3.713029646,4.179094659,4
1154,4,1,3,2,1,3,3,1,3,5,4,4,3.7283494,3.540877048,4
1155,4,1,3,2,1,4,3,4,2,3,3,5,3.596387196,4.124775444,5
1156,4,2,2,1,1,3,1,4,3,4,3,2,3.82706225,3.729338775,4
1157,4,2,4,2,1,2,1,2,2,1,4,5,3.634923423,3.963253433,5
1158,4,2,3,2,1,1,1,4,3,4,2,3,3.390399118,4.041183936,5
1159,4,2,3,2,4,4,3,3,3,5,1,3,3.659129671,3.928055845,4
1160,4,2,2,2,3,4,1,4,4,5,5,1,3.705473383,3.923249126,4
1161,4,2,1,1,3,1,4,4,3,4,4,3,3.681634398,4.14423955,4
1162,4,1,3,1,4,3,3,3,5,5,5,3,3.494455152,3.690387094,5
1163,4,1,3,2,2,4,2,4,3,4,3,2,3.712810415,4.244164176,4
1164,4,2,3,2,1,2,3,4,2,2,4,1,3.450842471,3.741345551,5
1165,4,2,1,1,4,3,3,4,2,4,3,2,3.713991158,3.699295103,5
1166,4,2,3,2,4,4,2,3,1,4,5,4,3.502447913,4.133677796,5
1167,4,2,3,2,4,1,3,4,5,3,1,5,3.571965828,3.73321015,4
1168,4,2,2,1,4,4,3,4,2,2,3,4,3.805956241,3.496641582,4
1169,4,2,2,2,4,3,2,5,4,5,4,5,3.710994867,4.254465698,4
1170,4,2,1,2,1,2,6,4,5,5,4,2,3.817857871,3.838135246,4
1171,4,2,3,2,1,2,4,3,5,3,1,4,3.703864049,3.951655899,5
1172,4,2,2,2,4,4,3,2,4,5,3,4,3.626151682,3.802650231,5
1173,4,2,3,1,1,4,4,2,5,1,4,1,3.78102684,3.674186956,4
1174,4,2,1,2,1,5,2,4,3,1,5,3,3.369078814,3.667933035,5
1175,4,1,3,2,1,5,5,4,5,3,4,4,3.601023443,3.651317204,5
1176,4,2,3,2,4,4,2,3,2,5,5,4,3.681295884,3.482177408,5
1177,4,1,2,2,4,3,3,4,2,2,5,2,3.994312345,3.522938856,3
1178,4,1,2,2,1,3,2,2,1,4,4,3,3.870907586,3.680680448,5
1179,4,2,2,2,3,5,4,2,3,3,1,3,4.106999325,3.936597332,4
1180,4,2,2,2,4,4,3,5,3,3,4,2,3.914983736,3.740912747,4
1181,4,2,2,1,1,3,4,4,5,5,5,5,3.688308196,3.67118854,5
1182,4,1,3,2,1,3,2,3,4,2,1,4,3.662861306,4.083458198,4
1183,4,1,2,2,1,3,2,3,5,4,5,2,3.911895961,4.167350165,4
1184,4,1,4,2,3,5,3,4,1,5,5,2,3.833460998,3.757496865,5
1185,4,2,3,2,2,4,3,5,1,2,2,5,3.477411943,3.848106133,5
1186,4,2,3,1,3,5,5,4,2,1,2,5,3.575551117,3.714378916,4
1187,4,2,3,2,4,3,2,4,5,3,5,3,3.510216679,3.607957945,4
1188,4,1,2,2,1,4,2,4,3,2,3,1,3.819665393,3.84327373,4
1189,4,2,1,3,1,4,5,3,5,1,5,2,3.798442163,3.947267253,5
1190,4,2,2,3,1,4,3,5,1,2,3,4,3.797668226,4.171691796,5
1191,4,1,4,1,4,5,3,3,3,4,2,5,3.295293781,3.777532455,5
1192,4,1,3,2,1,4,2,3,1,3,4,2,3.728154049,4.03770261,5
1193,4,1,1,3,4,5,3,4,3,2,2,1,4.052738081,3.938571616,5
1194,4,2,3,2,4,4,2,4,3,4,1,4,3.61332519,3.85576676,5
1195,4,2,3,3,2,4,2,4,3,2,2,2,3.535576527,3.943069571,4
1196,4,1,3,2,4,3,5,1,1,2,1,5,3.482392926,3.794893893,3
1197,4,2,1,1,1,4,2,3,1,1,4,3,3.689327304,3.764141806,4
1198,4,2,1,2,1,1,1,5,1,2,1,2,3.978985395,3.893514181,5
1199,4,1,2,2,4,4,3,5,5,1,4,2,3.755973231,3.548484708,4
1200,4,2,4,2,1,3,3,3,5,5,3,3,3.861666084,3.973377446,5
1201,4,2,3,2,1,2,4,4,2,5,2,1,3.651847106,3.772207731,3
1202,4,1,1,2,1,4,3,5,3,3,3,1,3.660464577,3.868394286,5
1203,4,2,3,2,1,4,3,4,4,1,4,3,3.494533897,3.932139562,4
1204,4,1,1,2,1,4,2,4,4,3,3,4,3.511493165,4.174572748,3
1205,4,1,2,2,1,5,3,4,3,5,1,5,3.751636647,4.148386442,5
1206,4,2,2,1,3,4,2,4,2,2,5,4,4.00851574,3.835775976,5
1207,4,1,3,1,3,4,4,4,1,2,4,4,3.73425118,3.837420248,4
1208,4,2,3,1,1,5,5,3,2,4,5,3,3.8984518,3.650523233,4
1209,4,2,2,1,4,2,2,4,3,4,5,3,3.599838777,3.810667209,5
1210,4,2,1,1,1,1,3,4,2,3,3,5,3.727113372,4.148915637,4
1211,4,2,4,1,3,3,3,4,4,5,1,4,3.469681723,4.134454262,4
1212,4,1,2,3,4,3,1,4,2,4,1,2,3.749875267,3.885424378,5
1213,4,2,2,2,1,4,4,4,5,2,2,4,3.677749125,3.792383192,4
1214,4,2,2,3,1,4,3,5,4,5,4,5,3.481005172,3.36694728,4
1215,4,1,2,2,1,4,4,3,4,5,1,2,3.543515686,3.750200603,4
1216,4,1,1,2,1,4,3,5,5,5,2,2,3.824650837,3.598296709,4
1217,4,1,3,2,3,4,3,4,2,1,2,5,3.797724723,4.023187813,5
1218,4,2,3,2,4,2,3,4,2,4,3,3,4.017783145,4.042175455,4
1219,4,2,2,2,3,4,3,4,1,3,5,1,3.513111224,3.64346136,4
1220,4,2,3,1,1,4,3,3,4,1,1,3,3.529325001,3.704577405,5
1221,4,1,4,1,4,4,3,3,3,2,1,2,3.722010763,3.671709215,4
1222,4,1,1,2,1,4,1,3,1,5,4,5,3.965955294,3.802348649,5
1223,4,1,3,2,4,4,2,4,3,4,2,3,3.88986846,3.896965654,4
1224,4,2,2,2,1,5,3,4,3,2,4,5,3.568536345,3.754631638,4
1225,4,1,1,2,3,4,3,4,2,2,2,3,4.013290731,3.889601114,5
1226,4,2,4,2,3,3,2,4,2,4,5,2,3.480677098,3.660604962,4
1227,4,1,2,4,1,4,2,4,4,1,3,2,3.627120437,3.607107412,5
1228,4,2,3,2,1,3,3,2,1,3,4,4,3.917265405,3.945894117,3
1229,4,1,2,1,3,4,3,3,2,4,1,1,3.842040584,3.454000782,5
1230,4,1,2,1,1,2,2,1,4,3,2,3,3.518021099,3.784368129,4
1231,4,2,1,2,1,4,5,2,5,2,1,1,3.698658392,3.516754766,5
1232,4,1,2,2,1,4,2,4,1,4,1,4,3.843955894,3.454594948,5
1233,4,1,3,2,1,4,2,4,2,1,2,3,3.944557043,3.74033447,4
1234,4,1,1,2,1,5,3,4,3,4,2,1,4.055300649,3.609684275,3
1235,4,1,2,2,2,1,3,3,3,5,3,4,3.412404001,3.591196037,4
1236,4,1,1,2,4,2,3,2,3,4,3,3,3.470054793,3.757848985,5
1237,4,1,2,4,3,5,3,5,4,1,5,3,3.728019023,4.021971954,5
1238,4,2,2,2,4,4,3,4,3,5,5,4,3.621335216,3.841660753,5
1239,4,1,2,3,1,4,3,4,3,4,4,4,3.64527367,3.588888184,4
1240,4,2,2,1,3,4,4,4,3,4,1,4,4.0768857,3.820846428,4
1241,4,1,3,2,3,5,2,4,5,2,5,2,3.413905993,3.852071531,5
1242,4,2,4,1,1,4,3,4,5,1,5,4,3.658086495,3.895823011,4
1243,4,2,3,2,1,4,6,4,3,5,4,2,3.392261956,3.987253883,4
1244,4,2,1,2,4,4,5,4,4,5,2,3,3.733412687,4.151606551,5
1245,4,2,2,2,4,2,3,3,5,2,5,3,3.668106322,3.983889222,4
1246,4,1,4,2,3,4,1,4,2,4,3,4,3.924518829,3.649691986,5
1247,4,2,1,2,1,3,4,2,3,5,5,1,3.884271171,3.810063412,5
1248,4,2,3,2,1,5,3,4,5,4,4,1,3.963710661,3.967441301,3
1249,4,2,2,1,4,4,3,3,2,5,1,2,3.908749285,3.772851282,5
1250,4,1,3,2,1,4,3,3,4,5,1,2,3.631796916,3.829411474,5
1251,4,2,2,2,4,4,2,5,4,5,5,5,3.525747442,3.859419006,5
1252,4,1,2,1,3,5,3,4,3,3,4,4,3.757618811,3.877872356,4
1253,4,1,4,2,3,2,2,3,2,4,2,4,3.80498464,4.076495548,5
1254,4,1,3,1,2,4,3,3,3,2,1,1,3.841718975,4.061122074,3
1255,4,1,2,2,2,4,2,4,4,5,3,4,3.92411554,3.725127696,5
1256,4,2,3,2,4,4,3,5,3,4,1,5,3.477039948,4.233143914,4
1257,4,2,2,2,3,3,3,4,3,4,5,3,3.725426711,4.139969228,4
1258,4,2,2,2,1,4,6,3,3,1,2,2,3.597973297,3.698296382,4
1259,4,1,1,1,4,1,3,3,3,4,4,3,3.662060349,4.056829811,4
1260,4,2,3,2,4,2,2,2,3,3,1,4,3.765307653,3.98487847,4
1261,4,1,2,3,1,5,3,1,2,3,4,2,3.509096717,3.942201809,5
1262,4,1,1,1,4,4,4,3,4,1,5,3,3.35520672,4.055955542,5
1263,4,2,1,1,4,3,4,3,4,4,5,1,3.632347919,3.769848721,5
1264,4,2,2,3,2,5,3,2,2,5,1,5,3.980832776,3.470827717,5
1265,4,1,3,2,1,4,3,4,4,1,2,1,3.721079885,4.005447857,5
1266,4,1,3,1,1,4,2,4,1,4,1,3,3.693068011,3.848622588,5
1267,4,2,2,2,1,4,4,3,2,5,2,1,3.695238159,4.083801619,4
1268,4,1,3,1,1,4,1,5,1,5,2,1,3.923897184,3.810588455,4
1269,4,1,3,2,4,4,3,4,4,3,4,3,3.918286446,3.850601335,4
1270,4,1,3,2,4,5,3,4,2,2,3,3,3.822443877,3.884301101,3
1271,4,1,2,1,3,5,5,4,3,5,5,3,3.741068572,3.603568719,5
1272,4,1,2,2,4,4,4,3,1,3,4,4,3.669749892,3.764262961,3
1273,4,2,2,2,1,5,2,4,1,5,5,2,3.870836861,3.720068942,5
1274,4,2,2,2,1,4,3,5,3,4,5,3,3.408315893,3.666635626,5
1275,4,2,4,2,1,2,3,4,2,5,4,4,3.669768341,3.903464223,5
1276,4,2,3,1,1,5,1,4,5,5,2,4,3.963256022,3.94178285,4
1277,4,1,3,2,3,3,5,4,4,4,3,2,3.626315049,3.591543178,3
1278,4,1,3,2,1,2,3,5,3,4,5,4,3.955108987,3.873115725,4
1279,4,2,4,2,4,4,2,4,5,5,5,5,3.854185435,3.890978807,2
1280,4,2,2,2,4,2,4,4,4,3,5,1,3.562596706,3.551245003,5
1281,4,1,2,2,2,4,2,2,2,5,3,3,3.527500583,3.799079894,5
1282,4,2,3,2,1,4,4,5,5,5,2,4,3.555953955,4.022047155,5
1283,4,1,1,2,1,4,3,4,3,5,5,4,3.350694307,3.513374131,5
1284,4,1,2,1,3,4,3,3,2,2,1,3,3.891032561,3.848094618,4
1285,4,2,1,1,3,5,3,1,1,4,3,4,3.507546571,4.093427081,5
1286,4,2,3,1,1,3,3,4,3,5,2,2,3.727825677,3.869524142,5
1287,4,2,2,3,4,5,5,4,5,2,5,3,3.883433456,4.098894506,2
1288,4,1,1,2,3,2,3,3,1,5,1,2,3.380569493,3.895752198,4
1289,4,1,3,4,1,4,2,4,2,1,1,3,3.753461927,3.731918849,3
1290,4,2,2,2,1,4,3,2,4,3,4,5,3.927331568,3.691432108,3
1291,4,1,2,2,1,5,1,4,4,4,3,2,3.908434635,3.698383521,4
1292,4,1,1,1,1,3,2,4,3,3,1,4,3.788206254,3.97851408,5
1293,4,2,4,2,4,4,2,4,3,2,5,3,3.750275914,3.846338565,5
1294,4,2,4,2,4,1,2,4,2,3,5,1,3.759655973,3.723244448,5
1295,4,2,3,3,1,1,3,1,1,2,3,5,3.749638947,3.777450543,4
1296,4,2,1,1,3,4,2,3,5,4,4,5,3.793440386,3.951818422,3
1297,4,2,1,2,1,4,5,3,1,5,5,2,3.564711196,3.994235509,3
1298,4,2,4,2,1,3,3,4,1,5,4,5,3.563090817,3.48697076,5
1299,4,2,3,2,4,3,4,4,3,1,3,1,3.906388006,3.663379724,5
1300,4,2,2,1,4,4,3,4,3,2,2,4,3.584433165,3.535087288,4
1301,4,2,2,2,1,5,1,2,3,5,1,4,3.501839353,3.84818134,4
1302,4,2,3,1,1,2,1,4,4,2,4,4,3.483335745,3.692417978,5
1303,4,2,2,2,2,3,4,4,2,5,3,1,3.827475131,3.843342278,4
1304,4,1,2,2,4,4,3,4,2,1,2,2,3.644861591,3.71362866,4
1305,4,2,3,2,3,4,4,2,5,3,2,4,3.73482387,3.732539116,3
1306,4,2,3,2,3,4,2,5,2,5,4,4,3.866556411,3.765784616,5
1307,4,2,1,1,4,2,1,4,4,1,3,3,3.61780246,4.046100246,4
1308,4,1,3,2,4,4,4,4,2,4,2,5,4.005724598,3.792177916,4
1309,4,1,1,2,1,3,3,3,1,1,3,1,3.565003602,3.713667111,3
1310,4,1,3,2,4,4,3,3,5,5,1,3,3.410754949,3.445103844,5
1311,4,1,2,2,3,4,3,4,4,3,2,3,3.77871346,4.064646197,4
1312,4,1,3,2,3,4,2,3,4,5,3,1,3.909658646,3.777705574,5
1313,4,2,4,1,4,2,3,4,4,1,2,2,3.591730907,3.58623876,3
1314,4,2,3,2,4,3,3,3,3,1,4,1,3.818346905,3.893535114,4
1315,4,2,3,2,3,4,6,3,4,5,3,5,3.541550678,4.197927349,4
1316,4,1,2,2,1,5,3,1,4,3,1,5,3.863766734,3.743969622,4
1317,4,2,1,2,1,2,4,5,5,4,4,5,3.659454933,4.032911533,4
1318,4,2,2,1,1,4,1,4,4,5,1,4,3.705236847,3.782863345,4
1319,4,2,3,2,1,3,3,5,3,3,5,5,3.661273765,3.934845301,4
1320,4,1,2,1,1,4,2,4,4,3,2,2,3.621704302,3.681977641,5
1321,4,2,2,2,1,5,2,4,2,2,3,4,3.727925039,3.920143606,3
1322,4,2,1,2,4,4,3,3,5,1,3,3,3.927177129,3.791548338,3
1323,4,2,3,2,1,4,6,3,3,3,4,4,3.757948549,3.775511128,5
1324,4,2,2,4,1,4,4,3,3,4,2,2,3.748729234,4.154318829,4
1325,4,2,1,2,1,2,2,5,1,5,1,4,3.790245854,3.807920073,4
1326,4,1,2,1,1,4,2,1,3,4,4,5,3.852840712,3.940405296,4
1327,4,1,3,1,4,3,3,2,1,2,2,5,3.8369798,3.294060507,5
1328,4,1,2,2,1,3,1,4,2,3,2,4,3.640461216,3.616181458,5
1329,4,2,3,2,4,2,3,3,3,5,2,1,3.463909047,4.15415483,5
1330,4,1,1,2,1,4,4,5,5,1,4,2,4.048801631,3.730618669,4
1331,4,1,3,2,4,4,3,4,1,4,2,3,3.930474467,3.583366723,4
1332,4,2,2,1,1,5,2,4,2,4,2,4,3.439143362,3.690375439,4
1333,4,2,3,2,1,2,4,4,2,2,1,3,3.818994147,3.908151158,5
1334,4,2,3,2,1,4,3,1,2,4,2,3,3.678962112,3.422854876,4
1335,4,1,3,2,1,5,6,5,5,5,2,4,3.477986671,4.022290184,5
1336,4,2,1,2,3,3,2,4,5,1,4,2,3.993124749,3.415059512,4
1337,4,2,2,2,1,3,2,1,1,3,2,1,3.668036461,4.007012547,5
1338,4,2,2,2,3,4,3,5,3,5,5,4,3.5186345,3.863193758,4
1339,4,1,2,2,4,2,3,3,3,5,3,3,3.681149142,3.862732998,4
1340,4,1,2,4,4,4,2,4,1,5,1,4,3.554359647,3.819659248,3
1341,4,2,3,2,1,5,2,4,3,1,2,1,3.606540488,3.862817139,4
1342,4,2,4,2,1,4,3,4,3,2,1,2,3.494968793,3.805596238,2
1343,4,2,2,2,4,3,1,5,1,2,4,2,3.347768958,3.914466698,4
1344,4,2,3,2,1,4,3,4,2,3,4,4,3.873301673,3.706676497,4
1345,4,1,2,2,3,4,3,5,4,2,1,5,3.644105901,3.55652333,5
1346,4,1,2,1,1,2,3,4,2,4,3,2,3.474964716,3.791772814,5
1347,4,1,3,1,4,2,3,3,2,2,1,2,3.472332901,3.96878108,4
1348,4,2,2,2,4,4,1,4,4,5,5,2,3.417844662,4.030238342,5
1349,4,2,2,2,1,4,3,4,4,3,2,2,3.867836871,3.976837717,5
1350,4,1,2,4,1,3,1,4,4,4,1,2,3.747829976,4.079012976,5
1351,4,2,1,1,4,4,4,4,4,2,4,1,3.641802336,3.838935842,4
1352,4,2,2,3,4,4,2,3,4,5,5,4,3.824371333,4.108232938,5
1353,4,2,2,4,4,2,3,4,2,3,5,2,3.405933163,3.637290646,3
1354,4,1,3,2,1,4,3,1,3,5,3,4,3.907019281,4.05752606,3
1355,4,2,3,2,4,5,6,1,2,5,3,3,3.675782528,3.782787988,4
1356,4,1,2,2,4,5,2,4,2,5,1,2,3.777354644,3.871042886,3
1357,4,2,2,2,4,2,3,4,5,1,3,2,3.811076036,3.347908143,5
1358,4,1,2,2,3,5,3,5,2,3,1,4,3.669457731,3.573304309,3
1359,4,2,3,2,4,4,3,2,5,2,2,1,3.877914757,3.782874877,5
1360,4,1,3,2,1,3,3,3,5,2,5,3,3.982513531,3.724773665,5
1361,4,1,3,2,4,4,2,3,5,5,1,2,3.628067953,3.763123613,4
1362,4,1,2,2,3,4,3,4,2,3,2,4,3.825095817,3.970129708,5
1363,4,1,2,2,1,4,3,3,4,2,1,3,3.688652787,3.727027513,4
1364,4,1,3,1,2,2,3,4,4,3,5,4,3.671509328,3.697098948,5
1365,4,2,2,2,4,3,3,4,4,2,5,1,3.389846673,4.25472924,3
1366,4,1,3,1,4,5,3,4,3,5,1,5,3.702475947,3.929187074,5
1367,4,1,3,1,4,2,3,3,3,1,5,1,3.997265952,3.96220495,3
1368,4,1,4,1,1,4,4,3,3,5,1,1,3.829096714,3.920872458,5
1369,4,1,4,1,1,3,3,4,5,5,5,1,3.792838194,3.563279472,5
1370,4,1,2,2,1,4,3,1,5,5,2,5,3.425114487,3.877586527,3
1371,5,1,2,2,4,4,3,5,4,5,2,3,3.335311022,3.603941634,5
1372,5,1,2,2,4,4,2,4,1,1,4,4,3.632877113,3.542197977,5
1373,5,1,2,2,4,3,4,3,1,2,4,5,3.59408574,3.692961461,4
1374,5,2,3,2,2,4,4,4,3,2,4,3,3.635600594,3.81281241,5
1375,5,1,3,2,4,4,3,2,2,5,3,2,3.644044734,3.345598492,3
1376,5,2,2,1,3,4,5,4,3,4,2,5,3.755265183,3.883657274,4
1377,5,1,3,2,4,4,2,5,5,5,1,1,3.808715559,3.577049029,4
1378,5,1,2,2,3,2,3,4,4,3,4,3,3.429743141,3.637811704,3
1379,5,2,3,3,1,3,4,4,3,4,1,4,3.406874406,3.748452468,5
1380,5,2,2,2,3,5,2,3,3,3,2,3,3.460402951,3.591787041,4
1381,5,2,2,2,1,5,3,1,3,4,4,2,3.389246028,3.787366679,3
1382,5,1,2,2,4,4,2,4,4,5,2,3,3.72842029,3.468069781,4
1383,5,1,3,1,1,3,4,4,3,5,2,4,3.459391452,3.671029408,5
1384,5,1,2,3,4,5,4,4,4,4,5,3,3.458222737,3.851241929,5
1385,5,2,1,2,4,2,2,4,4,5,5,4,3.779148246,3.714679511,3
1386,5,2,2,2,1,4,3,4,5,3,3,2,3.401254229,3.610868568,4
1387,5,1,1,1,1,2,2,4,5,1,2,3,3.760333603,3.458421812,5
1388,5,2,3,2,1,4,3,3,2,1,3,4,3.382125966,3.902948533,4
1389,5,2,2,2,4,5,4,4,5,4,5,2,3.591907369,3.813530301,4
1390,5,2,1,2,1,4,2,4,3,3,4,3,3.608172581,3.532501005,5
1391,5,1,1,2,1,4,4,4,1,3,3,5,3.666204671,3.414492796,4
1392,5,1,3,2,1,5,2,4,2,2,4,2,3.688475336,3.735589421,5
1393,5,1,4,2,4,4,5,4,3,3,2,2,3.6060901,3.507741032,5
1394,5,1,1,2,4,5,1,2,2,3,2,3,3.282571688,4.12081343,3
1395,5,2,4,1,3,4,2,4,5,2,4,4,3.610905864,3.639039778,4
1396,5,2,2,1,1,3,3,4,1,5,4,2,3.516134961,3.733496989,5
1397,5,2,1,2,4,4,3,5,2,2,5,4,3.695581693,3.471216071,3
1398,5,1,2,1,3,4,2,4,1,5,3,4,3.537304288,3.416157722,4
1399,5,1,3,2,1,3,1,3,3,1,4,5,3.27413127,3.675380042,4
1400,5,2,1,2,3,4,3,2,3,4,1,4,3.367408765,3.507256069,3
1401,5,1,1,2,4,4,2,4,1,1,5,2,3.708488607,3.720868741,4
1402,5,1,2,1,3,5,3,4,3,4,2,5,3.707185072,3.855588553,4
1403,5,1,1,2,1,5,5,3,3,1,1,4,3.891242063,3.473765987,4
1404,5,1,1,1,4,4,3,4,3,5,2,3,3.57643227,3.845626254,3
1405,5,1,2,2,1,3,2,4,3,2,5,1,3.551653398,3.740793483,5
1406,5,2,3,1,1,3,4,3,2,5,3,1,3.45827769,3.585237681,4
1407,5,2,3,2,3,2,4,5,2,4,1,3,3.270111433,3.562100716,5
1408,5,1,2,2,1,4,4,4,3,4,3,4,3.51394412,3.553888183,5
1409,5,1,2,2,4,3,3,4,3,3,5,2,3.888921288,3.82721888,5
1410,5,1,1,1,3,5,3,5,2,4,5,1,3.575850773,3.739035302,3
1411,5,2,3,2,2,2,3,2,4,5,1,4,3.674836157,4.024967694,4
1412,5,2,2,2,1,4,3,4,4,4,2,3,3.526848324,3.985444236,3
1413,5,1,1,2,1,4,6,4,1,1,4,2,3.550729207,3.577875817,5
1414,5,1,3,2,4,3,3,4,3,3,3,3,3.691296701,3.291317845,5
1415,5,2,1,2,1,4,5,4,1,2,1,5,3.794657813,3.651904694,4
1416,5,1,2,2,4,4,2,3,3,4,3,1,3.456921172,3.493991298,5
1417,5,2,2,2,3,4,5,4,5,2,4,5,3.531016876,3.805543211,4
1418,5,2,2,3,4,1,3,4,3,5,3,3,3.508261532,3.974028104,4
1419,5,1,1,1,1,5,3,4,2,3,4,1,3.416933781,3.518942971,4
1420,5,2,3,2,3,4,1,1,4,5,4,2,3.594478876,3.998192695,5
1421,5,2,2,2,4,4,2,4,5,4,4,2,3.273286888,3.299337606,5
1422,5,1,2,2,3,3,3,1,2,1,1,2,3.151646866,4.014222513,5
1423,5,2,2,3,4,5,3,3,3,3,5,2,3.387693898,3.481166289,4
1424,5,1,3,2,3,3,6,4,1,3,5,4,3.780337925,3.54083754,5
1425,5,2,1,2,1,4,6,3,3,1,1,2,3.648732795,3.357100554,5
1426,5,1,3,2,1,5,2,2,5,5,5,3,3.534115974,3.676498901,3
1427,5,1,2,1,1,4,2,4,2,4,5,4,3.641740178,3.412922619,2
1428,5,2,2,1,1,4,1,4,4,5,4,4,3.849913329,3.413244549,2
1429,5,1,2,2,3,4,3,4,5,1,1,2,3.669911207,3.478496235,3
1430,5,1,3,2,3,3,2,2,5,4,3,4,3.292482677,3.818540776,4
1431,5,1,3,2,4,4,2,4,3,5,4,5,3.67749785,3.834079382,4
1432,5,1,2,2,4,3,3,3,5,4,4,5,3.85616953,3.677245569,4
1433,5,2,2,2,1,4,4,3,2,3,3,3,3.693902889,3.667248841,5
1434,5,2,1,2,1,4,3,4,1,4,4,2,3.6416672,3.618400634,4
1435,5,2,2,1,4,3,3,2,2,3,2,4,3.562444053,3.549645419,4
1436,5,1,2,2,3,2,2,2,3,4,2,3,3.505852776,3.646492064,5
1437,5,2,3,1,4,2,4,4,3,1,2,2,3.898897027,3.742235303,5
1438,5,1,2,1,1,3,1,4,2,5,4,4,3.349114059,3.750709368,4
1439,5,1,2,2,4,3,2,4,3,3,5,4,3.145188496,3.539364196,3
1440,5,2,3,2,1,4,2,4,3,1,3,4,3.71558904,3.441531626,5
1441,5,2,2,2,4,4,3,3,4,2,2,4,3.552472742,3.784797175,5
1442,5,2,3,2,4,3,2,3,3,4,2,3,3.241670678,3.76854528,4
1443,5,1,1,1,1,4,3,4,2,2,2,2,3.175641972,3.841009722,4
1444,5,1,1,1,4,2,3,3,3,1,2,2,3.818032336,4.103428275,4
1445,5,2,4,3,1,1,1,5,3,5,1,2,3.458409634,3.482327337,2
1446,5,2,3,2,1,3,2,3,3,5,5,4,3.621439986,4.031998673,3
1447,5,1,2,2,1,5,3,2,2,5,2,4,3.669569607,3.977902101,5
1448,5,1,2,2,4,4,3,4,2,1,1,2,3.589580445,3.710802323,5
1449,5,1,2,2,3,1,3,3,2,2,1,3,3.403191512,3.461966033,4
1450,5,2,1,2,1,5,3,3,4,4,1,2,3.40640269,3.611140586,5
1451,5,1,1,2,4,4,3,3,4,4,4,3,3.437828142,3.721706165,4
1452,5,1,3,2,1,3,4,4,2,1,4,4,3.145448363,3.466723196,5
1453,5,2,1,1,1,3,3,4,2,2,3,5,3.658807451,4.043986635,5
1454,5,2,3,2,4,2,6,2,4,4,5,1,3.733944169,3.660958936,5
1455,5,1,3,2,1,5,2,4,3,5,5,2,3.396284589,3.536657042,5
1456,5,1,2,1,1,4,3,5,2,4,4,1,3.168059381,3.959083203,5
1457,5,1,2,3,1,4,2,4,5,2,5,3,3.474671086,3.728292877,4
1458,5,2,1,1,4,4,2,3,5,2,3,3,3.572952759,3.753453704,5
1459,5,1,2,2,1,3,2,4,5,3,5,5,3.499038303,3.804531933,3
1460,5,2,3,2,4,4,1,3,2,1,4,5,3.418556147,3.692682934,5
1461,5,1,2,1,1,4,3,3,2,1,3,4,3.454306766,3.884909111,5
1462,5,1,4,1,1,2,2,4,2,4,4,3,3.4205436,3.681829167,5
1463,5,2,2,2,4,4,4,4,5,1,1,4,3.49247145,3.859345629,5
1464,5,2,3,1,4,2,3,4,4,4,1,1,3.512465737,3.913174905,5
1465,5,2,2,1,1,5,1,4,4,4,2,4,3.723650735,3.554889562,5
1466,5,2,1,3,1,4,3,5,2,2,2,3,3.384179819,3.923406326,3
1467,5,2,2,1,4,4,3,4,5,2,3,2,3.401825697,3.860566894,5
1468,5,1,1,2,1,5,5,4,1,4,4,2,3.512637939,3.709707014,2
1469,5,1,3,1,4,3,5,4,3,5,1,2,3.396927738,3.714337938,5
1470,5,2,2,2,1,2,4,4,4,5,1,4,3.509587752,3.545089469,5
1471,5,2,4,2,1,5,4,4,3,2,2,2,3.527098862,3.502165337,2
1472,5,2,1,3,4,3,2,3,4,2,1,3,3.65867753,4.07411818,5
1473,5,1,1,2,4,3,3,4,2,1,4,4,3.459783671,3.702029946,4
1474,5,2,1,4,4,1,3,4,5,2,4,4,3.459300174,3.914867076,4
1475,5,2,2,2,1,2,3,4,4,4,5,3,3.926182911,3.762960569,5
1476,5,2,3,2,1,4,3,4,5,4,4,5,3.503504455,3.471213094,3
1477,5,1,1,2,3,4,4,4,2,1,5,4,3.524133161,3.409494083,5
1478,5,1,4,2,4,4,3,3,4,2,2,4,3.375916864,3.50317003,5
1479,5,1,1,1,1,4,3,5,4,4,3,3,3.620776487,3.713441846,4
1480,5,2,3,2,1,2,2,5,5,1,2,2,3.929023888,3.5385928,4
1481,5,1,3,1,3,4,3,4,1,4,5,4,3.604336406,3.774042827,5
1482,5,2,3,3,4,2,3,4,5,5,3,5,3.384068063,3.637746506,3
1483,5,2,3,2,2,2,1,3,2,3,3,4,3.434971337,3.809714431,4
1484,5,2,2,2,1,2,2,5,5,3,2,4,3.372456796,3.590872518,4
1485,5,1,2,1,4,2,3,4,3,5,2,3,3.543638731,3.767066105,2
1486,5,1,3,2,4,3,3,3,5,4,1,3,3.532710271,3.572211355,5
1487,5,2,2,2,4,4,3,4,5,2,3,5,3.499645562,3.836260077,3
1488,5,1,3,2,3,4,4,4,3,1,5,5,3.456837773,3.826001736,5
1489,5,2,2,1,4,4,5,4,4,1,4,2,3.603984032,3.704886583,3
1490,5,1,1,1,1,1,3,5,2,5,1,5,3.573726311,3.888630286,4
1491,5,2,4,2,1,2,3,4,2,5,1,1,3.610204286,3.594909853,4
1492,5,1,4,1,4,3,2,5,5,1,4,3,3.596591177,3.933341672,5
1493,5,2,1,2,1,3,3,3,3,2,5,4,3.58715449,3.396275287,4
1494,5,2,3,2,1,1,2,2,1,1,4,1,3.550886063,3.81144747,5
1495,5,1,4,4,4,2,4,3,4,5,5,2,3.484825885,4.016088375,5
1496,5,1,2,2,4,2,1,4,5,3,3,3,3.420161616,4.092685789,4
1497,5,2,3,2,1,4,2,4,2,1,1,1,3.816122459,3.840714147,5
1498,5,2,3,1,2,3,4,3,4,1,3,2,3.408702025,3.743001143,4
1499,5,1,2,2,4,2,2,3,4,3,2,1,3.893594303,3.781059494,5
1500,5,2,4,2,3,4,2,2,1,1,3,2,3.743259368,3.891182178,5
1501,5,1,3,3,4,4,3,3,1,2,3,1,3.764127924,3.928245127,3
1502,5,1,4,1,2,2,3,3,1,5,2,1,3.663476079,3.649337357,3
1503,5,2,3,2,1,2,3,5,3,3,1,2,4.067458658,3.76863289,5
1504,5,1,2,1,1,5,2,2,3,2,4,1,3.279915927,3.888888518,5
1505,5,2,1,1,4,4,1,4,5,2,1,2,3.606597828,3.614758052,4
1506,5,1,3,2,1,4,1,4,4,2,5,5,3.737263792,3.844558944,4
1507,5,2,1,4,1,4,3,4,4,1,5,1,3.460022365,3.90936038,4
1508,5,1,2,2,4,5,1,5,5,4,2,4,3.43986621,3.71660169,5
1509,5,1,2,2,2,3,3,4,1,2,4,4,3.581770014,3.528456126,3
1510,5,1,2,2,3,3,3,2,3,3,4,5,3.375446879,3.732929683,4
1511,5,2,2,3,4,2,4,4,1,1,3,5,3.439701746,3.613951556,4
1512,5,2,2,2,3,3,3,3,2,5,2,4,3.805218558,3.640178592,5
1513,5,2,2,1,1,5,2,4,5,4,5,5,3.44890531,3.454526619,4
1514,5,1,2,2,1,3,3,3,5,2,1,5,3.428334579,3.856856465,4
1515,5,2,2,1,3,4,5,3,4,4,4,3,3.422829878,3.584608124,4
1516,5,1,3,1,1,2,2,1,5,5,1,3,3.661840623,3.462738766,4
1517,5,1,4,1,1,4,5,4,3,3,3,5,3.35238311,3.493812264,5
1518,5,1,1,2,4,5,3,4,5,2,3,3,3.476762534,3.777482576,4
1519,5,2,4,2,1,4,2,4,4,3,1,3,3.641209046,3.560160294,4
1520,5,1,1,2,4,4,5,4,2,2,1,5,3.369407514,3.445395655,4
1521,5,2,2,3,2,4,3,4,2,5,3,4,3.25221357,3.787228783,5
1522,5,2,1,2,1,4,3,1,1,4,4,3,3.553973375,3.663880585,4
1523,5,2,4,2,1,1,1,1,3,4,5,4,3.591493036,3.566127295,5
1524,5,1,2,2,4,4,3,4,4,5,3,4,3.459590946,3.492477102,4
1525,5,1,3,2,4,3,3,4,3,2,1,1,3.177406275,3.910721727,5
1526,5,2,1,1,1,3,2,1,4,5,1,1,3.634041999,3.394439054,5
1527,5,1,3,2,3,4,2,4,5,4,4,4,3.434164404,3.783486391,4
1528,5,2,3,1,4,4,3,5,4,1,3,2,3.462396484,3.854457613,4
1529,5,1,1,1,1,4,3,4,1,3,2,5,3.540114315,3.57101663,4
1530,5,2,3,1,1,3,1,4,2,5,2,1,3.183534507,3.535519736,3
1531,5,2,2,1,1,4,2,4,5,1,3,5,3.202431179,3.510105616,4
1532,5,2,2,1,1,4,2,4,5,2,2,1,3.662389799,4.197220794,4
1533,5,1,1,2,1,2,3,4,2,4,1,2,3.567022604,3.765390149,3
1534,5,1,3,2,3,5,2,3,1,5,1,2,3.331838939,3.642954894,2
1535,5,2,3,2,1,5,6,3,5,5,2,5,3.659798946,3.83842015,4
1536,5,2,1,2,1,5,4,4,5,3,2,1,3.446756106,3.740836444,5
1537,5,2,2,1,1,5,3,1,2,1,5,4,3.804837352,3.566999799,5
1538,5,2,1,1,1,2,5,4,2,1,3,1,3.349435913,3.596918624,4
1539,5,1,2,1,3,3,1,3,1,1,1,3,3.524263895,3.484007666,4
1540,5,1,1,1,1,4,2,3,4,1,1,2,3.319682805,3.977355041,4
1541,5,1,2,2,2,5,2,4,4,1,2,4,3.612289766,3.819177717,5
1542,5,2,1,2,3,2,3,3,1,5,4,5,3.673013575,3.710650946,5
1543,5,1,2,2,3,4,3,2,5,4,4,4,3.48913331,4.030881532,5
1544,5,2,2,2,3,3,2,2,3,2,3,2,3.331877571,3.56532681,4
1545,5,2,3,2,3,2,4,4,3,5,2,1,3.587362252,3.61021634,4
1546,5,2,3,2,4,4,3,1,4,4,5,3,3.547151218,3.472688599,4
1547,5,2,3,1,3,5,6,4,3,3,2,2,3.750859826,3.852902291,5
1548,5,2,3,1,1,1,3,4,3,4,1,3,3.373891856,3.877660549,4
1549,5,1,2,2,3,4,3,5,3,3,2,3,3.647888509,3.808254039,4
1550,5,1,2,2,4,4,1,4,1,4,5,3,3.376208425,3.579810131,4
1551,5,1,3,2,1,2,3,4,2,5,3,3,3.489317475,3.534221253,4
1552,5,1,2,3,4,4,3,5,2,3,3,2,3.335244194,3.656098498,4
1553,5,1,2,1,1,3,2,4,3,2,5,1,3.490826038,3.97323537,5
1554,5,2,3,2,4,2,2,4,2,2,2,2,3.510610713,3.44795414,4
1555,5,2,2,1,4,2,2,5,5,4,3,5,3.286200435,3.834234305,5
1556,5,1,4,2,1,1,3,5,3,4,5,4,3.45785731,3.671605862,3
1557,5,2,3,2,1,4,3,4,3,5,5,1,3.466500994,4.170637638,4
1558,5,2,2,1,2,4,3,2,2,4,5,2,3.958240174,3.66023489,5
1559,5,1,3,1,1,2,3,5,3,1,2,3,3.334572059,3.471025578,5
1560,5,1,2,2,1,2,3,4,2,1,1,2,3.718273544,3.963699556,5
1561,5,2,2,2,4,3,4,4,4,1,1,1,3.64020202,3.691125921,5
1562,5,1,2,2,3,5,1,3,1,2,2,2,3.452657591,3.736446186,3
1563,5,1,3,2,4,4,3,4,4,5,5,2,3.338363151,3.959141289,4
1564,5,2,4,2,1,4,4,5,1,4,1,2,3.647718154,3.728260148,5
1565,5,2,3,2,4,4,2,4,3,3,1,1,3.516608435,3.743325963,4
1566,5,1,3,2,1,4,3,4,1,4,2,2,3.090598388,3.89530938,4
1567,5,1,2,1,1,3,3,4,4,5,5,1,3.384135937,3.900266434,4
1568,5,2,4,2,1,4,2,4,2,3,1,2,3.610975755,3.570096656,5
1569,5,1,2,1,4,1,3,4,4,5,2,4,3.602336507,3.470563134,4
1570,5,1,4,2,4,4,3,2,3,4,1,3,3.466149607,3.563573722,5
1571,5,1,3,2,1,4,1,4,5,5,2,4,3.641294248,3.591409686,5
1572,5,2,1,2,1,4,4,3,4,1,4,3,3.477474317,3.58282608,4
1573,5,2,1,2,2,4,3,4,2,3,4,5,3.639360482,3.840751931,4
1574,5,1,2,2,3,3,4,3,1,3,5,1,3.426060329,3.280142067,4
1575,5,1,4,2,2,4,3,4,4,1,2,4,3.571883931,3.456876509,4
1576,5,1,4,2,1,2,3,4,3,3,4,5,3.63550995,3.713862512,5
1577,5,1,3,1,4,4,2,4,1,5,3,5,3.730429637,4.026721245,3
1578,5,1,2,2,3,2,3,5,2,3,2,5,3.540685871,3.899187943,4
1579,5,1,3,1,1,4,3,4,1,4,1,4,3.218349615,3.846370635,4
1580,5,1,2,2,1,5,3,5,4,4,1,3,3.390459695,3.694036037,5
1581,5,1,2,2,1,2,1,4,2,5,4,3,3.356841508,3.930788273,3
1582,5,2,2,2,1,1,2,4,5,5,1,3,3.18066234,3.491863577,5
1583,5,1,1,2,1,2,3,5,3,5,3,4,3.338310309,3.536032659,3
1584,5,1,3,2,1,4,4,4,4,4,4,3,3.71186328,3.7380562,4
1585,5,1,2,1,4,1,4,5,5,3,5,5,2.921995621,3.456857708,4
1586,5,2,1,2,3,5,5,2,3,2,5,4,3.565910424,3.715648056,5
1587,5,1,2,1,3,4,2,3,4,3,1,1,3.757007429,3.588007788,4
1588,5,2,2,1,1,5,3,4,2,2,2,3,3.353082683,4.068794629,5
1589,5,1,1,1,1,4,6,4,3,1,5,1,3.751485367,3.775150459,5
1590,5,2,2,2,1,4,3,3,5,3,2,1,3.591843982,3.376170721,5
1591,5,2,2,1,1,3,1,5,5,2,2,2,3.459275163,3.654495113,4
1592,5,1,3,2,4,5,1,4,1,5,2,2,3.59964573,3.539019153,5
1593,5,1,2,2,4,5,3,2,4,3,5,1,3.476249384,3.705267074,5
1594,5,1,1,2,1,4,3,4,5,1,2,5,3.725410406,3.606879443,3
1595,5,1,1,2,4,5,5,4,2,1,5,1,3.674828971,3.578215663,5
1596,5,1,2,4,4,2,2,3,3,3,5,5,3.482613198,3.552578737,4
1597,5,1,2,3,4,3,3,4,4,5,5,3,3.432249156,3.473471614,4
1598,5,2,2,2,1,5,3,4,1,4,4,5,3.564146678,3.571975128,2
1599,5,1,1,2,1,5,3,4,2,4,5,3,3.675478451,3.726693674,4
1600,5,2,2,2,3,3,2,3,2,4,3,5,3.24427584,3.64513682,3
1601,5,1,3,2,4,2,2,2,5,4,2,4,3.862613078,3.310440846,5
1602,5,1,3,1,3,2,2,4,3,1,4,2,3.504893963,3.505791767,4
1603,5,1,2,2,3,4,3,4,4,2,3,5,3.742736514,3.765354076,5
1604,5,1,3,2,3,3,3,4,2,4,1,1,3.453276684,3.648339921,5
1605,5,1,2,2,4,4,1,4,3,5,5,4,3.399258752,3.818295029,4
1606,5,2,2,2,1,3,4,3,4,4,1,5,3.564398667,3.594818546,4
1607,5,1,2,4,4,5,3,2,3,4,5,3,3.542608737,3.88149281,5
1608,5,2,3,1,1,2,3,5,2,2,5,4,3.727878262,3.490433371,4
1609,5,2,2,2,2,4,1,4,5,1,3,2,3.679037548,3.923570829,4
1610,5,2,1,1,1,2,2,4,1,3,4,1,3.516113928,3.782456558,4
1611,5,2,1,2,3,5,1,2,2,5,2,3,3.366881947,3.723320619,4
1612,5,2,3,2,3,4,4,3,4,2,3,5,3.437771899,3.658680633,5
1613,5,2,2,2,4,2,5,5,4,1,4,4,3.60004585,3.780937007,5
1614,5,2,1,1,4,4,4,2,5,4,1,3,3.494224752,3.960386211,4
1615,5,1,1,1,1,4,2,2,2,5,4,1,3.54505541,3.90779742,3
1616,5,1,2,1,1,1,2,4,5,5,5,2,3.858359218,4.049079565,5
1617,5,1,2,2,1,3,1,3,5,2,1,3,2.992962902,3.801819036,4
1618,5,1,2,4,1,5,2,3,2,4,1,1,3.54889268,3.538067437,5
1619,5,1,4,3,1,4,2,4,3,2,2,4,3.591600711,3.71114577,5
1620,5,1,2,3,1,4,3,3,4,5,1,4,3.426660654,3.490896233,4
1621,5,2,2,2,3,4,6,4,5,5,5,5,3.702871762,3.437766494,4
1622,5,1,3,1,1,4,4,4,3,4,2,1,3.39283272,3.424887568,4
1623,5,1,2,3,1,2,4,3,3,4,4,1,3.599901329,3.583350762,5
1624,5,1,3,1,3,4,4,4,4,5,5,4,3.50345284,3.551500483,5
1625,5,1,1,2,1,3,1,4,2,4,2,1,3.453654274,3.335729154,3
1626,5,2,3,1,1,3,3,5,3,5,1,1,3.623662853,3.42956841,4
1627,5,2,2,1,1,2,3,4,1,3,1,5,3.363641702,3.551826275,5
1628,5,2,1,2,1,1,4,4,3,5,5,3,3.7149095,3.480876778,5
1629,5,1,3,2,1,4,1,2,5,4,5,3,3.641933596,3.593834951,4
1630,5,1,2,2,1,4,1,4,4,2,5,2,3.645018222,3.730727864,3
1631,5,1,1,2,4,4,2,4,4,3,4,4,3.479866406,3.75861781,4
1632,5,2,2,2,1,4,5,3,2,1,4,4,3.579942941,3.90114706,3
1633,5,2,4,1,1,4,2,4,5,4,3,1,3.707399929,3.755931237,5
1634,5,1,2,2,1,3,3,3,5,2,3,3,3.59677119,3.942103074,5
1635,5,1,4,3,1,3,3,5,1,4,2,2,3.620673447,3.681776941,4
1636,5,2,1,2,2,4,3,4,3,4,4,5,3.35399273,3.890781776,5
1637,5,2,1,1,1,4,4,4,3,1,2,5,3.445685247,3.866687002,4
1638,5,1,2,2,3,2,3,5,2,5,3,5,3.960440616,3.485331515,5
1639,5,2,3,3,4,4,1,3,2,4,1,2,3.387453542,3.683961911,5
1640,5,2,2,1,1,3,3,3,2,5,1,5,3.419164761,3.642895483,4
1641,5,1,3,2,1,5,2,3,2,4,1,4,3.6964577,3.624980922,3
1642,5,1,3,2,1,3,2,4,4,5,1,4,3.364630616,3.404499587,4
1643,5,1,4,1,1,4,3,4,1,2,4,1,3.29787792,3.77267516,2
1644,5,1,2,2,3,2,1,4,5,4,4,3,3.766203233,3.879318827,5
1645,5,1,2,1,1,5,4,3,2,4,1,2,3.680738676,3.943158181,4
1646,5,1,3,1,1,3,3,4,3,5,5,3,3.454978358,3.573356099,3
1647,5,1,2,1,4,3,3,5,4,5,2,1,3.649396375,3.359585693,5
1648,5,1,2,2,1,4,3,5,2,3,2,3,3.437843086,3.824099135,2
1649,5,2,3,2,1,4,5,4,4,1,2,3,3.494634313,3.543519754,5
1650,5,1,1,2,1,4,4,4,2,5,2,1,3.626464123,3.725890357,3
1651,5,1,4,3,1,4,4,4,1,3,4,2,3.480918649,3.675620059,4
1652,5,1,3,2,3,4,3,2,1,5,4,4,3.480855502,3.746477432,4
1653,5,2,3,2,1,2,2,2,3,5,3,1,3.709916105,3.767247014,5
1654,5,2,1,1,1,4,1,3,4,3,2,4,3.679227549,3.570879613,5
1655,5,1,2,2,4,4,2,4,2,5,4,1,3.637210334,3.765274423,4
1656,5,2,3,2,4,1,2,5,1,1,4,1,3.706011853,3.833571704,3
1657,5,1,2,2,1,4,3,4,3,1,3,1,3.43570439,3.696599823,4
1658,5,1,4,1,4,4,2,4,3,4,5,4,3.644385483,3.5605352,4
1659,5,1,3,2,2,4,1,4,4,2,1,3,3.585907217,3.565675645,3
1660,5,2,1,2,4,5,3,4,4,5,1,1,3.826373032,3.921456536,5
1661,5,1,1,2,4,3,4,3,3,2,4,1,3.49844871,3.363664078,5
1662,5,1,3,1,1,1,3,4,4,5,4,3,3.748479455,3.509937274,5
1663,5,2,1,2,1,2,2,3,1,3,2,1,3.40577562,3.871457542,5
1664,5,1,1,2,4,3,1,4,5,5,3,2,3.496560562,3.976703387,5
1665,5,1,2,1,1,5,5,1,5,5,1,4,3.619309356,3.415858934,5
1666,5,2,3,2,1,4,3,4,5,5,1,2,3.447714419,4.057827152,5
1667,5,1,1,2,4,4,3,2,3,4,5,4,3.600804771,3.576217925,3
1668,5,1,1,2,4,4,2,5,4,4,4,4,3.397377726,3.317826204,5
1669,5,1,3,2,1,3,3,4,5,1,2,2,3.610697646,3.63133695,5
1670,5,2,4,1,4,4,2,3,1,2,5,3,3.410810462,3.63701637,4
1671,5,2,3,2,1,3,3,4,2,1,2,5,3.150258242,3.834018356,4
1672,5,1,1,2,4,5,4,4,4,5,1,4,3.760145906,3.816147306,4
1673,5,2,4,1,1,2,4,4,4,5,4,1,3.151538147,3.627091884,5
1674,5,1,1,2,1,4,3,1,1,5,2,2,3.269798168,3.806129575,4
1675,5,2,3,2,1,5,3,3,5,3,3,3,3.598124714,3.792307823,3
1676,5,1,3,2,1,4,3,2,3,4,1,4,3.556327236,3.695860629,5
1677,5,2,2,3,4,1,3,4,5,5,3,3,3.495872761,3.78752076,5
1678,5,1,2,2,4,5,3,3,1,4,3,4,3.672079986,3.506240352,5
1679,5,1,3,2,1,1,3,5,1,2,3,3,3.583435418,3.827161988,2
1680,5,1,2,2,1,4,2,4,1,4,4,4,3.867018888,3.369056935,4
1681,5,1,2,1,1,4,3,4,2,1,4,1,3.584470609,3.75212335,5
1682,5,1,3,2,2,4,4,2,3,2,5,5,3.82156896,3.348907245,4
1683,5,2,1,2,1,4,3,4,5,1,4,1,3.435430027,3.932825573,4
1684,5,2,3,2,3,4,3,4,3,4,1,4,3.492807533,3.444069338,5
1685,5,1,3,2,4,2,6,3,5,2,2,1,3.470157102,3.791605334,3
1686,5,2,3,2,1,3,3,5,3,3,4,4,3.519691802,3.577908328,5
1687,5,1,3,1,1,3,4,4,5,4,5,3,3.655670289,3.738348271,4
1688,5,1,2,1,4,3,3,2,4,4,3,1,3.469396655,3.696014511,4
1689,5,1,3,2,1,4,3,3,1,1,1,1,3.820494988,3.717959419,4
1690,5,1,1,2,3,5,2,3,3,4,1,2,3.673690081,3.825943394,4
1691,5,1,2,2,4,4,6,5,3,1,5,2,3.545842513,3.65108915,5
1692,5,2,3,1,1,3,3,4,3,4,3,4,3.449514117,3.954923442,5
1693,5,2,2,2,3,3,3,4,5,2,5,2,3.608112633,3.918234318,2
1694,5,1,4,2,4,1,4,4,2,2,3,4,3.438077838,3.364492574,5
1695,5,2,1,1,3,1,3,5,1,3,5,2,3.813561672,3.755231345,4
1696,5,2,3,1,3,3,3,5,3,4,1,3,3.443333966,4.017657185,5
1697,5,1,2,2,1,4,5,4,1,3,2,1,3.430828359,3.454269173,4
1698,5,2,4,2,1,5,1,5,1,3,4,5,3.763295471,3.345284613,4
1699,5,2,4,2,4,4,3,3,1,5,1,4,3.317576667,4.086521881,4
1700,5,1,2,2,3,2,1,3,1,2,3,5,3.352124489,3.933916747,4
1701,5,2,3,4,4,4,2,3,3,4,4,3,3.597473603,3.590167904,5
1702,5,1,2,2,1,4,2,4,4,2,1,5,3.653172839,3.291119113,5
1703,5,2,2,1,2,1,2,1,2,4,3,3,3.407324059,3.617640189,4
1704,5,1,1,1,4,5,3,4,1,2,1,2,3.788440132,3.822320119,4
1705,5,1,3,2,1,1,3,4,3,3,4,5,3.3250638,3.680748484,5
1706,5,2,2,2,1,4,5,2,2,2,4,5,3.474940838,3.506974558,4
1707,5,2,1,1,1,2,3,3,3,4,3,4,3.732046303,3.74689145,5
1708,5,1,3,1,1,4,4,5,5,2,3,1,3.655099259,3.691616996,5
1709,5,1,3,2,4,4,5,4,4,2,5,5,3.645484028,3.700637257,5
1710,5,2,1,1,2,3,3,4,2,3,4,2,3.528076175,3.821446485,5
1711,5,1,2,1,1,4,2,3,4,3,1,5,3.466277816,3.754855511,4
